[0.000000] (-) TimerEvent: {}
[0.000104] (ros2_aruco) JobQueued: {'identifier': 'ros2_aruco', 'dependencies': OrderedDict()}
[0.000131] (ros2_aruco_interfaces) JobQueued: {'identifier': 'ros2_aruco_interfaces', 'dependencies': OrderedDict()}
[0.000152] (usb_cam) JobQueued: {'identifier': 'usb_cam', 'dependencies': OrderedDict()}
[0.000168] (turtlebot_controller) JobQueued: {'identifier': 'turtlebot_controller', 'dependencies': OrderedDict([('ros2_aruco', '/home/cc/ee106a/fa26/class/ee106a-act/ros_workspaces/lab4/install/ros2_aruco')])}
[0.000196] (ros2_aruco) JobStarted: {'identifier': 'ros2_aruco'}
[0.037996] (ros2_aruco_interfaces) JobStarted: {'identifier': 'ros2_aruco_interfaces'}
[0.052524] (usb_cam) JobStarted: {'identifier': 'usb_cam'}
[0.098781] (-) TimerEvent: {}
[0.199147] (-) TimerEvent: {}
[0.299389] (-) TimerEvent: {}
[0.337277] (ros2_aruco_interfaces) JobProgress: {'identifier': 'ros2_aruco_interfaces', 'progress': 'cmake'}
[0.349082] (ros2_aruco_interfaces) Command: {'cmd': ['/usr/bin/cmake', '/home/cc/ee106a/fa26/class/ee106a-act/ros_workspaces/lab4/src/ros2_aruco/ros2_aruco_interfaces', '-DCMAKE_INSTALL_PREFIX=/home/cc/ee106a/fa26/class/ee106a-act/ros_workspaces/lab4/install/ros2_aruco_interfaces'], 'cwd': '/home/cc/ee106a/fa26/class/ee106a-act/ros_workspaces/lab4/build/ros2_aruco_interfaces', 'env': OrderedDict([('ARCH', 'x86_64'), ('QT_SCALE_FACTOR', '1'), ('USER', 'ee106a-act'), ('HOSTNAME', 'ros2'), ('XDG_SESSION_TYPE', 'x11'), ('MASTERDIR', '/home/ff/ee106a'), ('COMPIZ_CONFIG_PROFILE', 'mate'), ('XDG_CACHE_HOME', '/home/cc/ee106a/fa26/class/ee106a-act/.cache'), ('SHLVL', '2'), ('LD_LIBRARY_PATH', '/opt/ros/turtlebot3_ws/install/turtlebot3_msgs/lib:/opt/ros/turtlebot3_ws/install/dynamixel_sdk_custom_interfaces/lib:/opt/ros/turtlebot3_ws/install/dynamixel_sdk/lib:/usr/lib/x86_64-linux-gnu/gazebo-11/plugins:/opt/ros/humble/opt/rviz_ogre_vendor/lib:/opt/ros/humble/lib/x86_64-linux-gnu:/opt/ros/humble/lib'), ('HOME', '/home/cc/ee106a/fa26/class/ee106a-act'), ('OLDPWD', '/home/cc/ee106a/fa26/class/ee106a-act/ros_workspaces'), ('DESKTOP_SESSION', 'mate'), ('ROS_PYTHON_VERSION', '3'), ('GTK_MODULES', 'gail:atk-bridge:appmenu-gtk-module:gail:atk-bridge:canberra-gtk-module'), ('DISTROBOX_ENTER_PATH', '/usr/local/bin/distrobox-enter'), ('SYSTEMD_EXEC_PID', '1748179'), ('NNTPSERVER', 'news.csua.berkeley.edu'), ('VISUAL', 'emacs'), ('XDG_STATE_HOME', '/home/cc/ee106a/fa26/class/ee106a-act/.local/state'), ('DBUS_SESSION_BUS_ADDRESS', 'unix:path=/run/user/90936/bus'), ('COLORTERM', 'truecolor'), ('container', 'podman'), ('UBUNTU_MENUPROXY', '1'), ('QT_QPA_PLATFORMTHEME', 'gtk2'), ('COLCON_PREFIX_PATH', '/opt/ros/turtlebot3_ws/install'), ('ROS_DISTRO', 'humble'), ('GTK_IM_MODULE', 'ibus'), ('LOGNAME', 'ee106a-act'), ('MASTER', 'ee106a'), ('WINDOWID', '75497478'), ('ROS_VERSION', '2'), ('XDG_SESSION_CLASS', 'user'), ('TERMINFO_DIRS', '/usr/share/terminfo:/run/host/usr/share/terminfo'), ('USERNAME', 'ee106a-act'), ('TERM', 'xterm-256color'), ('GTK_OVERLAY_SCROLLING', '0'), ('XDG_SESSION_ID', '2325'), ('ROS_LOCALHOST_ONLY', '0'), ('WINDOWPATH', '2'), ('PATH', '/opt/ros/humble/bin:/share/b/grading/bin:/home/ff/ee106a/bin:/home/ff/ee106a/bin/arch/x86_64:/share/b/grading/bin:/home/ff/ee106a/bin:/home/ff/ee106a/bin/arch/x86_64:/usr/local/sbin:/usr/local/bin:/usr/sbin:/usr/bin:/sbin:/bin:/usr/games:/usr/local/games:/snap/bin:/snap/bin:/share/b/grading/bin:/share/b/grading/sbin:/share/b/runas/x86_64:/share/b/bin:/home/ff/ee106a/venvs/all:/usr/local/sbin:/usr/local/bin:/usr/sbin:/usr/bin:/sbin:/bin:/share/b/grading/bin:/share/b/grading/sbin:/share/b/runas/x86_64:/share/b/bin:/home/ff/ee106a/venvs/all'), ('SESSION_MANAGER', 'local/c105-4:@/tmp/.ICE-unix/1748274,unix/c105-4:/tmp/.ICE-unix/1748274'), ('OS', 'Linux'), ('XDG_RUNTIME_DIR', '/run/user/90936'), ('DISPLAY', ':1'), ('LANG', 'en_US.UTF-8'), ('XDG_CURRENT_DESKTOP', 'MATE'), ('XDG_DATA_HOME', '/home/cc/ee106a/fa26/class/ee106a-act/.local/share'), ('XDG_CONFIG_HOME', '/home/cc/ee106a/fa26/class/ee106a-act/.config'), ('XMODIFIERS', '@im=ibus'), ('XDG_SESSION_DESKTOP', 'mate'), ('XAUTHORITY', '/run/user/90936/gdm/Xauthority'), ('SSH_AUTH_SOCK', '/run/user/90936/keyring/ssh'), ('ROS_DOMAIN_ID', '24'), ('AMENT_PREFIX_PATH', '/opt/ros/turtlebot3_ws/install/turtlebot3:/opt/ros/turtlebot3_ws/install/turtlebot3_teleop:/opt/ros/turtlebot3_ws/install/turtlebot3_bringup:/opt/ros/turtlebot3_ws/install/turtlebot3_node:/opt/ros/turtlebot3_ws/install/turtlebot3_navigation2:/opt/ros/turtlebot3_ws/install/turtlebot3_example:/opt/ros/turtlebot3_ws/install/turtlebot3_msgs:/opt/ros/turtlebot3_ws/install/turtlebot3_description:/opt/ros/turtlebot3_ws/install/turtlebot3_cartographer:/opt/ros/turtlebot3_ws/install/dynamixel_sdk_examples:/opt/ros/turtlebot3_ws/install/dynamixel_sdk_custom_interfaces:/opt/ros/turtlebot3_ws/install/dynamixel_sdk:/opt/ros/humble'), ('SHELL', '/usr/bin/bash'), ('QT_ACCESSIBILITY', '1'), ('GDMSESSION', 'mate'), ('RUNAS', '/share/b/runas/x86_64'), ('GPG_AGENT_INFO', '/run/user/90936/gnupg/S.gpg-agent:0:1'), ('CONFIG_SHELL', '/usr/bin/ksh'), ('QT_IM_MODULE', 'ibus'), ('PWD', '/home/cc/ee106a/fa26/class/ee106a-act/ros_workspaces/lab4/build/ros2_aruco_interfaces'), ('EE106_ENV_SETUP', 'turtlebot_ros2'), ('CONTAINER_ID', 'ros2'), ('TURTLEBOT3_MODEL', 'burger'), ('LC_ALL', 'C.UTF-8'), ('XDG_CONFIG_DIRS', '/etc/xdg/xdg-mate:/etc/xdg'), ('CLUTTER_IM_MODULE', 'ibus'), ('XDG_DATA_DIRS', '/usr/share/mate:/usr/share/mate:/usr/share/gnome:/home/cc/ee106a/fa26/class/ee106a-act/.local/share/flatpak/exports/share:/var/lib/flatpak/exports/share:/usr/local/share/:/usr/share/:/var/lib/snapd/desktop:/usr/local/share:/usr/share'), ('PYTHONPATH', '/opt/ros/turtlebot3_ws/build/turtlebot3_teleop:/opt/ros/turtlebot3_ws/install/turtlebot3_teleop/lib/python3.10/site-packages:/opt/ros/turtlebot3_ws/build/turtlebot3_example:/opt/ros/turtlebot3_ws/install/turtlebot3_example/lib/python3.10/site-packages:/opt/ros/turtlebot3_ws/install/turtlebot3_msgs/local/lib/python3.10/dist-packages:/opt/ros/turtlebot3_ws/install/dynamixel_sdk_custom_interfaces/local/lib/python3.10/dist-packages:/opt/ros/turtlebot3_ws/install/dynamixel_sdk/local/lib/python3.10/dist-packages:/opt/ros/humble/lib/python3.10/site-packages:/opt/ros/humble/local/lib/python3.10/dist-packages'), ('MATE_DESKTOP_SESSION_ID', 'this-is-deprecated'), ('COLCON', '1'), ('MANPATH', '/usr/local/man:/usr/man:/usr/X11/man:/usr/local/man:/share/b/grading/man:/usr/local/man:/usr/man:/usr/X11/man:/usr/local/man:/share/b/grading/man:'), ('VTE_VERSION', '6800'), ('EDITOR', 'emacs'), ('CMAKE_PREFIX_PATH', '/opt/ros/turtlebot3_ws/install/turtlebot3:/opt/ros/turtlebot3_ws/install/turtlebot3_bringup:/opt/ros/turtlebot3_ws/install/turtlebot3_node:/opt/ros/turtlebot3_ws/install/turtlebot3_navigation2:/opt/ros/turtlebot3_ws/install/turtlebot3_msgs:/opt/ros/turtlebot3_ws/install/turtlebot3_description:/opt/ros/turtlebot3_ws/install/turtlebot3_cartographer:/opt/ros/turtlebot3_ws/install/dynamixel_sdk_examples:/opt/ros/turtlebot3_ws/install/dynamixel_sdk_custom_interfaces:/opt/ros/turtlebot3_ws/install/dynamixel_sdk:/opt/ros/turtlebot3_ws/install/turtlebot3_teleop:/opt/ros/turtlebot3_ws/install/turtlebot3_example:/opt/ros/humble'), ('QT_FONT_DPI', '122')]), 'shell': False}
[0.362938] (usb_cam) JobProgress: {'identifier': 'usb_cam', 'progress': 'cmake'}
[0.374715] (usb_cam) Command: {'cmd': ['/usr/bin/cmake', '/home/cc/ee106a/fa26/class/ee106a-act/ros_workspaces/lab4/src/usb_cam', '-DCMAKE_INSTALL_PREFIX=/home/cc/ee106a/fa26/class/ee106a-act/ros_workspaces/lab4/install/usb_cam'], 'cwd': '/home/cc/ee106a/fa26/class/ee106a-act/ros_workspaces/lab4/build/usb_cam', 'env': OrderedDict([('ARCH', 'x86_64'), ('QT_SCALE_FACTOR', '1'), ('USER', 'ee106a-act'), ('HOSTNAME', 'ros2'), ('XDG_SESSION_TYPE', 'x11'), ('MASTERDIR', '/home/ff/ee106a'), ('COMPIZ_CONFIG_PROFILE', 'mate'), ('XDG_CACHE_HOME', '/home/cc/ee106a/fa26/class/ee106a-act/.cache'), ('SHLVL', '2'), ('LD_LIBRARY_PATH', '/opt/ros/turtlebot3_ws/install/turtlebot3_msgs/lib:/opt/ros/turtlebot3_ws/install/dynamixel_sdk_custom_interfaces/lib:/opt/ros/turtlebot3_ws/install/dynamixel_sdk/lib:/usr/lib/x86_64-linux-gnu/gazebo-11/plugins:/opt/ros/humble/opt/rviz_ogre_vendor/lib:/opt/ros/humble/lib/x86_64-linux-gnu:/opt/ros/humble/lib'), ('HOME', '/home/cc/ee106a/fa26/class/ee106a-act'), ('OLDPWD', '/home/cc/ee106a/fa26/class/ee106a-act/ros_workspaces'), ('DESKTOP_SESSION', 'mate'), ('ROS_PYTHON_VERSION', '3'), ('GTK_MODULES', 'gail:atk-bridge:appmenu-gtk-module:gail:atk-bridge:canberra-gtk-module'), ('DISTROBOX_ENTER_PATH', '/usr/local/bin/distrobox-enter'), ('SYSTEMD_EXEC_PID', '1748179'), ('NNTPSERVER', 'news.csua.berkeley.edu'), ('VISUAL', 'emacs'), ('XDG_STATE_HOME', '/home/cc/ee106a/fa26/class/ee106a-act/.local/state'), ('DBUS_SESSION_BUS_ADDRESS', 'unix:path=/run/user/90936/bus'), ('COLORTERM', 'truecolor'), ('container', 'podman'), ('UBUNTU_MENUPROXY', '1'), ('QT_QPA_PLATFORMTHEME', 'gtk2'), ('COLCON_PREFIX_PATH', '/opt/ros/turtlebot3_ws/install'), ('ROS_DISTRO', 'humble'), ('GTK_IM_MODULE', 'ibus'), ('LOGNAME', 'ee106a-act'), ('MASTER', 'ee106a'), ('WINDOWID', '75497478'), ('ROS_VERSION', '2'), ('XDG_SESSION_CLASS', 'user'), ('TERMINFO_DIRS', '/usr/share/terminfo:/run/host/usr/share/terminfo'), ('USERNAME', 'ee106a-act'), ('TERM', 'xterm-256color'), ('GTK_OVERLAY_SCROLLING', '0'), ('XDG_SESSION_ID', '2325'), ('ROS_LOCALHOST_ONLY', '0'), ('WINDOWPATH', '2'), ('PATH', '/opt/ros/humble/bin:/share/b/grading/bin:/home/ff/ee106a/bin:/home/ff/ee106a/bin/arch/x86_64:/share/b/grading/bin:/home/ff/ee106a/bin:/home/ff/ee106a/bin/arch/x86_64:/usr/local/sbin:/usr/local/bin:/usr/sbin:/usr/bin:/sbin:/bin:/usr/games:/usr/local/games:/snap/bin:/snap/bin:/share/b/grading/bin:/share/b/grading/sbin:/share/b/runas/x86_64:/share/b/bin:/home/ff/ee106a/venvs/all:/usr/local/sbin:/usr/local/bin:/usr/sbin:/usr/bin:/sbin:/bin:/share/b/grading/bin:/share/b/grading/sbin:/share/b/runas/x86_64:/share/b/bin:/home/ff/ee106a/venvs/all'), ('SESSION_MANAGER', 'local/c105-4:@/tmp/.ICE-unix/1748274,unix/c105-4:/tmp/.ICE-unix/1748274'), ('OS', 'Linux'), ('XDG_RUNTIME_DIR', '/run/user/90936'), ('DISPLAY', ':1'), ('LANG', 'en_US.UTF-8'), ('XDG_CURRENT_DESKTOP', 'MATE'), ('XDG_DATA_HOME', '/home/cc/ee106a/fa26/class/ee106a-act/.local/share'), ('XDG_CONFIG_HOME', '/home/cc/ee106a/fa26/class/ee106a-act/.config'), ('XMODIFIERS', '@im=ibus'), ('XDG_SESSION_DESKTOP', 'mate'), ('XAUTHORITY', '/run/user/90936/gdm/Xauthority'), ('SSH_AUTH_SOCK', '/run/user/90936/keyring/ssh'), ('ROS_DOMAIN_ID', '24'), ('AMENT_PREFIX_PATH', '/opt/ros/turtlebot3_ws/install/turtlebot3:/opt/ros/turtlebot3_ws/install/turtlebot3_teleop:/opt/ros/turtlebot3_ws/install/turtlebot3_bringup:/opt/ros/turtlebot3_ws/install/turtlebot3_node:/opt/ros/turtlebot3_ws/install/turtlebot3_navigation2:/opt/ros/turtlebot3_ws/install/turtlebot3_example:/opt/ros/turtlebot3_ws/install/turtlebot3_msgs:/opt/ros/turtlebot3_ws/install/turtlebot3_description:/opt/ros/turtlebot3_ws/install/turtlebot3_cartographer:/opt/ros/turtlebot3_ws/install/dynamixel_sdk_examples:/opt/ros/turtlebot3_ws/install/dynamixel_sdk_custom_interfaces:/opt/ros/turtlebot3_ws/install/dynamixel_sdk:/opt/ros/humble'), ('SHELL', '/usr/bin/bash'), ('QT_ACCESSIBILITY', '1'), ('GDMSESSION', 'mate'), ('RUNAS', '/share/b/runas/x86_64'), ('GPG_AGENT_INFO', '/run/user/90936/gnupg/S.gpg-agent:0:1'), ('CONFIG_SHELL', '/usr/bin/ksh'), ('QT_IM_MODULE', 'ibus'), ('PWD', '/home/cc/ee106a/fa26/class/ee106a-act/ros_workspaces/lab4/build/usb_cam'), ('EE106_ENV_SETUP', 'turtlebot_ros2'), ('CONTAINER_ID', 'ros2'), ('TURTLEBOT3_MODEL', 'burger'), ('LC_ALL', 'C.UTF-8'), ('XDG_CONFIG_DIRS', '/etc/xdg/xdg-mate:/etc/xdg'), ('CLUTTER_IM_MODULE', 'ibus'), ('XDG_DATA_DIRS', '/usr/share/mate:/usr/share/mate:/usr/share/gnome:/home/cc/ee106a/fa26/class/ee106a-act/.local/share/flatpak/exports/share:/var/lib/flatpak/exports/share:/usr/local/share/:/usr/share/:/var/lib/snapd/desktop:/usr/local/share:/usr/share'), ('PYTHONPATH', '/opt/ros/turtlebot3_ws/build/turtlebot3_teleop:/opt/ros/turtlebot3_ws/install/turtlebot3_teleop/lib/python3.10/site-packages:/opt/ros/turtlebot3_ws/build/turtlebot3_example:/opt/ros/turtlebot3_ws/install/turtlebot3_example/lib/python3.10/site-packages:/opt/ros/turtlebot3_ws/install/turtlebot3_msgs/local/lib/python3.10/dist-packages:/opt/ros/turtlebot3_ws/install/dynamixel_sdk_custom_interfaces/local/lib/python3.10/dist-packages:/opt/ros/turtlebot3_ws/install/dynamixel_sdk/local/lib/python3.10/dist-packages:/opt/ros/humble/lib/python3.10/site-packages:/opt/ros/humble/local/lib/python3.10/dist-packages'), ('MATE_DESKTOP_SESSION_ID', 'this-is-deprecated'), ('COLCON', '1'), ('MANPATH', '/usr/local/man:/usr/man:/usr/X11/man:/usr/local/man:/share/b/grading/man:/usr/local/man:/usr/man:/usr/X11/man:/usr/local/man:/share/b/grading/man:'), ('VTE_VERSION', '6800'), ('EDITOR', 'emacs'), ('CMAKE_PREFIX_PATH', '/opt/ros/turtlebot3_ws/install/turtlebot3:/opt/ros/turtlebot3_ws/install/turtlebot3_bringup:/opt/ros/turtlebot3_ws/install/turtlebot3_node:/opt/ros/turtlebot3_ws/install/turtlebot3_navigation2:/opt/ros/turtlebot3_ws/install/turtlebot3_msgs:/opt/ros/turtlebot3_ws/install/turtlebot3_description:/opt/ros/turtlebot3_ws/install/turtlebot3_cartographer:/opt/ros/turtlebot3_ws/install/dynamixel_sdk_examples:/opt/ros/turtlebot3_ws/install/dynamixel_sdk_custom_interfaces:/opt/ros/turtlebot3_ws/install/dynamixel_sdk:/opt/ros/turtlebot3_ws/install/turtlebot3_teleop:/opt/ros/turtlebot3_ws/install/turtlebot3_example:/opt/ros/humble'), ('QT_FONT_DPI', '122')]), 'shell': False}
[1.329161] (-) TimerEvent: {}
[1.429615] (-) TimerEvent: {}
[1.529865] (-) TimerEvent: {}
[1.630204] (-) TimerEvent: {}
[1.730569] (-) TimerEvent: {}
[1.824709] (ros2_aruco_interfaces) StdoutLine: {'line': b'-- The C compiler identification is GNU 11.4.0\n'}
[1.829646] (usb_cam) StdoutLine: {'line': b'-- The C compiler identification is GNU 11.4.0\n'}
[1.830623] (-) TimerEvent: {}
[1.930881] (-) TimerEvent: {}
[1.999842] (usb_cam) StdoutLine: {'line': b'-- The CXX compiler identification is GNU 11.4.0\n'}
[2.005422] (ros2_aruco_interfaces) StdoutLine: {'line': b'-- The CXX compiler identification is GNU 11.4.0\n'}
[2.030994] (-) TimerEvent: {}
[2.067194] (usb_cam) StdoutLine: {'line': b'-- Detecting C compiler ABI info\n'}
[2.073849] (ros2_aruco_interfaces) StdoutLine: {'line': b'-- Detecting C compiler ABI info\n'}
[2.131083] (-) TimerEvent: {}
[2.231380] (-) TimerEvent: {}
[2.331588] (-) TimerEvent: {}
[2.340453] (ros2_aruco) Command: {'cmd': ['/usr/bin/python3', '-W', 'ignore:setup.py install is deprecated', '-W', 'ignore:easy_install command is deprecated', 'setup.py', 'egg_info', '--egg-base', '../../../build/ros2_aruco', 'build', '--build-base', '/home/cc/ee106a/fa26/class/ee106a-act/ros_workspaces/lab4/build/ros2_aruco/build', 'install', '--record', '/home/cc/ee106a/fa26/class/ee106a-act/ros_workspaces/lab4/build/ros2_aruco/install.log', '--install-scripts', '$base/lib/ros2_aruco', '--single-version-externally-managed', 'install_data'], 'cwd': '/home/cc/ee106a/fa26/class/ee106a-act/ros_workspaces/lab4/src/ros2_aruco/ros2_aruco', 'env': {'ARCH': 'x86_64', 'QT_SCALE_FACTOR': '1', 'USER': 'ee106a-act', 'HOSTNAME': 'ros2', 'XDG_SESSION_TYPE': 'x11', 'MASTERDIR': '/home/ff/ee106a', 'COMPIZ_CONFIG_PROFILE': 'mate', 'XDG_CACHE_HOME': '/home/cc/ee106a/fa26/class/ee106a-act/.cache', 'SHLVL': '2', 'LD_LIBRARY_PATH': '/opt/ros/turtlebot3_ws/install/turtlebot3_msgs/lib:/opt/ros/turtlebot3_ws/install/dynamixel_sdk_custom_interfaces/lib:/opt/ros/turtlebot3_ws/install/dynamixel_sdk/lib:/usr/lib/x86_64-linux-gnu/gazebo-11/plugins:/opt/ros/humble/opt/rviz_ogre_vendor/lib:/opt/ros/humble/lib/x86_64-linux-gnu:/opt/ros/humble/lib', 'HOME': '/home/cc/ee106a/fa26/class/ee106a-act', 'OLDPWD': '/home/cc/ee106a/fa26/class/ee106a-act/ros_workspaces', 'DESKTOP_SESSION': 'mate', 'ROS_PYTHON_VERSION': '3', 'GTK_MODULES': 'gail:atk-bridge:appmenu-gtk-module:gail:atk-bridge:canberra-gtk-module', 'DISTROBOX_ENTER_PATH': '/usr/local/bin/distrobox-enter', 'SYSTEMD_EXEC_PID': '1748179', 'NNTPSERVER': 'news.csua.berkeley.edu', 'VISUAL': 'emacs', 'XDG_STATE_HOME': '/home/cc/ee106a/fa26/class/ee106a-act/.local/state', 'DBUS_SESSION_BUS_ADDRESS': 'unix:path=/run/user/90936/bus', 'COLORTERM': 'truecolor', 'container': 'podman', 'UBUNTU_MENUPROXY': '1', 'QT_QPA_PLATFORMTHEME': 'gtk2', 'COLCON_PREFIX_PATH': '/opt/ros/turtlebot3_ws/install', 'ROS_DISTRO': 'humble', 'GTK_IM_MODULE': 'ibus', 'LOGNAME': 'ee106a-act', 'MASTER': 'ee106a', 'WINDOWID': '75497478', 'ROS_VERSION': '2', 'XDG_SESSION_CLASS': 'user', 'TERMINFO_DIRS': '/usr/share/terminfo:/run/host/usr/share/terminfo', 'USERNAME': 'ee106a-act', 'TERM': 'xterm-256color', 'GTK_OVERLAY_SCROLLING': '0', 'XDG_SESSION_ID': '2325', 'ROS_LOCALHOST_ONLY': '0', 'WINDOWPATH': '2', 'PATH': '/opt/ros/humble/bin:/share/b/grading/bin:/home/ff/ee106a/bin:/home/ff/ee106a/bin/arch/x86_64:/share/b/grading/bin:/home/ff/ee106a/bin:/home/ff/ee106a/bin/arch/x86_64:/usr/local/sbin:/usr/local/bin:/usr/sbin:/usr/bin:/sbin:/bin:/usr/games:/usr/local/games:/snap/bin:/snap/bin:/share/b/grading/bin:/share/b/grading/sbin:/share/b/runas/x86_64:/share/b/bin:/home/ff/ee106a/venvs/all:/usr/local/sbin:/usr/local/bin:/usr/sbin:/usr/bin:/sbin:/bin:/share/b/grading/bin:/share/b/grading/sbin:/share/b/runas/x86_64:/share/b/bin:/home/ff/ee106a/venvs/all', 'SESSION_MANAGER': 'local/c105-4:@/tmp/.ICE-unix/1748274,unix/c105-4:/tmp/.ICE-unix/1748274', 'OS': 'Linux', 'XDG_RUNTIME_DIR': '/run/user/90936', 'DISPLAY': ':1', 'LANG': 'en_US.UTF-8', 'XDG_CURRENT_DESKTOP': 'MATE', 'XDG_DATA_HOME': '/home/cc/ee106a/fa26/class/ee106a-act/.local/share', 'XDG_CONFIG_HOME': '/home/cc/ee106a/fa26/class/ee106a-act/.config', 'XMODIFIERS': '@im=ibus', 'XDG_SESSION_DESKTOP': 'mate', 'XAUTHORITY': '/run/user/90936/gdm/Xauthority', 'SSH_AUTH_SOCK': '/run/user/90936/keyring/ssh', 'ROS_DOMAIN_ID': '24', 'AMENT_PREFIX_PATH': '/opt/ros/turtlebot3_ws/install/turtlebot3:/opt/ros/turtlebot3_ws/install/turtlebot3_teleop:/opt/ros/turtlebot3_ws/install/turtlebot3_bringup:/opt/ros/turtlebot3_ws/install/turtlebot3_node:/opt/ros/turtlebot3_ws/install/turtlebot3_navigation2:/opt/ros/turtlebot3_ws/install/turtlebot3_example:/opt/ros/turtlebot3_ws/install/turtlebot3_msgs:/opt/ros/turtlebot3_ws/install/turtlebot3_description:/opt/ros/turtlebot3_ws/install/turtlebot3_cartographer:/opt/ros/turtlebot3_ws/install/dynamixel_sdk_examples:/opt/ros/turtlebot3_ws/install/dynamixel_sdk_custom_interfaces:/opt/ros/turtlebot3_ws/install/dynamixel_sdk:/opt/ros/humble', 'SHELL': '/usr/bin/bash', 'QT_ACCESSIBILITY': '1', 'GDMSESSION': 'mate', 'RUNAS': '/share/b/runas/x86_64', 'GPG_AGENT_INFO': '/run/user/90936/gnupg/S.gpg-agent:0:1', 'CONFIG_SHELL': '/usr/bin/ksh', 'QT_IM_MODULE': 'ibus', 'PWD': '/home/cc/ee106a/fa26/class/ee106a-act/ros_workspaces/lab4/build/ros2_aruco', 'EE106_ENV_SETUP': 'turtlebot_ros2', 'CONTAINER_ID': 'ros2', 'TURTLEBOT3_MODEL': 'burger', 'LC_ALL': 'C.UTF-8', 'XDG_CONFIG_DIRS': '/etc/xdg/xdg-mate:/etc/xdg', 'CLUTTER_IM_MODULE': 'ibus', 'XDG_DATA_DIRS': '/usr/share/mate:/usr/share/mate:/usr/share/gnome:/home/cc/ee106a/fa26/class/ee106a-act/.local/share/flatpak/exports/share:/var/lib/flatpak/exports/share:/usr/local/share/:/usr/share/:/var/lib/snapd/desktop:/usr/local/share:/usr/share', 'PYTHONPATH': '/home/cc/ee106a/fa26/class/ee106a-act/ros_workspaces/lab4/build/ros2_aruco/prefix_override:/usr/lib/python3/dist-packages/colcon_core/task/python/colcon_distutils_commands:/home/cc/ee106a/fa26/class/ee106a-act/ros_workspaces/lab4/install/ros2_aruco/lib/python3.10/site-packages:/opt/ros/turtlebot3_ws/build/turtlebot3_teleop:/opt/ros/turtlebot3_ws/install/turtlebot3_teleop/lib/python3.10/site-packages:/opt/ros/turtlebot3_ws/build/turtlebot3_example:/opt/ros/turtlebot3_ws/install/turtlebot3_example/lib/python3.10/site-packages:/opt/ros/turtlebot3_ws/install/turtlebot3_msgs/local/lib/python3.10/dist-packages:/opt/ros/turtlebot3_ws/install/dynamixel_sdk_custom_interfaces/local/lib/python3.10/dist-packages:/opt/ros/turtlebot3_ws/install/dynamixel_sdk/local/lib/python3.10/dist-packages:/opt/ros/humble/lib/python3.10/site-packages:/opt/ros/humble/local/lib/python3.10/dist-packages', 'MATE_DESKTOP_SESSION_ID': 'this-is-deprecated', 'COLCON': '1', 'MANPATH': '/usr/local/man:/usr/man:/usr/X11/man:/usr/local/man:/share/b/grading/man:/usr/local/man:/usr/man:/usr/X11/man:/usr/local/man:/share/b/grading/man:', 'VTE_VERSION': '6800', 'EDITOR': 'emacs', 'CMAKE_PREFIX_PATH': '/opt/ros/turtlebot3_ws/install/turtlebot3:/opt/ros/turtlebot3_ws/install/turtlebot3_bringup:/opt/ros/turtlebot3_ws/install/turtlebot3_node:/opt/ros/turtlebot3_ws/install/turtlebot3_navigation2:/opt/ros/turtlebot3_ws/install/turtlebot3_msgs:/opt/ros/turtlebot3_ws/install/turtlebot3_description:/opt/ros/turtlebot3_ws/install/turtlebot3_cartographer:/opt/ros/turtlebot3_ws/install/dynamixel_sdk_examples:/opt/ros/turtlebot3_ws/install/dynamixel_sdk_custom_interfaces:/opt/ros/turtlebot3_ws/install/dynamixel_sdk', 'QT_FONT_DPI': '122'}, 'shell': False}
[2.431720] (-) TimerEvent: {}
[2.487043] (usb_cam) StdoutLine: {'line': b'-- Detecting C compiler ABI info - done\n'}
[2.497006] (usb_cam) StdoutLine: {'line': b'-- Check for working C compiler: /usr/bin/cc - skipped\n'}
[2.497605] (usb_cam) StdoutLine: {'line': b'-- Detecting C compile features\n'}
[2.499586] (usb_cam) StdoutLine: {'line': b'-- Detecting C compile features - done\n'}
[2.513743] (ros2_aruco_interfaces) StdoutLine: {'line': b'-- Detecting C compiler ABI info - done\n'}
[2.523883] (ros2_aruco_interfaces) StdoutLine: {'line': b'-- Check for working C compiler: /usr/bin/cc - skipped\n'}
[2.524134] (ros2_aruco_interfaces) StdoutLine: {'line': b'-- Detecting C compile features\n'}
[2.524510] (ros2_aruco_interfaces) StdoutLine: {'line': b'-- Detecting C compile features - done\n'}
[2.531785] (-) TimerEvent: {}
[2.540728] (usb_cam) StdoutLine: {'line': b'-- Detecting CXX compiler ABI info\n'}
[2.566319] (ros2_aruco_interfaces) StdoutLine: {'line': b'-- Detecting CXX compiler ABI info\n'}
[2.619141] (ros2_aruco) StdoutLine: {'line': b'running egg_info\n'}
[2.619800] (ros2_aruco) StdoutLine: {'line': b'creating ../../../build/ros2_aruco/ros2_aruco.egg-info\n'}
[2.622150] (ros2_aruco) StdoutLine: {'line': b'writing ../../../build/ros2_aruco/ros2_aruco.egg-info/PKG-INFO\n'}
[2.628660] (ros2_aruco) StdoutLine: {'line': b'writing dependency_links to ../../../build/ros2_aruco/ros2_aruco.egg-info/dependency_links.txt\n'}
[2.631695] (ros2_aruco) StdoutLine: {'line': b'writing entry points to ../../../build/ros2_aruco/ros2_aruco.egg-info/entry_points.txt\n'}
[2.631841] (-) TimerEvent: {}
[2.634807] (ros2_aruco) StdoutLine: {'line': b'writing requirements to ../../../build/ros2_aruco/ros2_aruco.egg-info/requires.txt\n'}
[2.637065] (ros2_aruco) StdoutLine: {'line': b'writing top-level names to ../../../build/ros2_aruco/ros2_aruco.egg-info/top_level.txt\n'}
[2.640189] (ros2_aruco) StdoutLine: {'line': b"writing manifest file '../../../build/ros2_aruco/ros2_aruco.egg-info/SOURCES.txt'\n"}
[2.647793] (ros2_aruco) StdoutLine: {'line': b"reading manifest file '../../../build/ros2_aruco/ros2_aruco.egg-info/SOURCES.txt'\n"}
[2.649389] (ros2_aruco) StdoutLine: {'line': b"writing manifest file '../../../build/ros2_aruco/ros2_aruco.egg-info/SOURCES.txt'\n"}
[2.650578] (ros2_aruco) StdoutLine: {'line': b'running build\n'}
[2.650640] (ros2_aruco) StdoutLine: {'line': b'running build_py\n'}
[2.651405] (ros2_aruco) StdoutLine: {'line': b'creating /home/cc/ee106a/fa26/class/ee106a-act/ros_workspaces/lab4/build/ros2_aruco/build\n'}
[2.652814] (ros2_aruco) StdoutLine: {'line': b'creating /home/cc/ee106a/fa26/class/ee106a-act/ros_workspaces/lab4/build/ros2_aruco/build/lib\n'}
[2.654086] (ros2_aruco) StdoutLine: {'line': b'creating /home/cc/ee106a/fa26/class/ee106a-act/ros_workspaces/lab4/build/ros2_aruco/build/lib/ros2_aruco\n'}
[2.656933] (ros2_aruco) StdoutLine: {'line': b'copying ros2_aruco/aruco_node.py -> /home/cc/ee106a/fa26/class/ee106a-act/ros_workspaces/lab4/build/ros2_aruco/build/lib/ros2_aruco\n'}
[2.661818] (ros2_aruco) StdoutLine: {'line': b'copying ros2_aruco/aruco_generate_marker.py -> /home/cc/ee106a/fa26/class/ee106a-act/ros_workspaces/lab4/build/ros2_aruco/build/lib/ros2_aruco\n'}
[2.666848] (ros2_aruco) StdoutLine: {'line': b'copying ros2_aruco/__init__.py -> /home/cc/ee106a/fa26/class/ee106a-act/ros_workspaces/lab4/build/ros2_aruco/build/lib/ros2_aruco\n'}
[2.669795] (ros2_aruco) StdoutLine: {'line': b'running install\n'}
[2.670016] (ros2_aruco) StdoutLine: {'line': b'running install_lib\n'}
[2.672264] (ros2_aruco) StdoutLine: {'line': b'creating /home/cc/ee106a/fa26/class/ee106a-act/ros_workspaces/lab4/install/ros2_aruco/lib/python3.10/site-packages/ros2_aruco\n'}
[2.673895] (ros2_aruco) StdoutLine: {'line': b'copying /home/cc/ee106a/fa26/class/ee106a-act/ros_workspaces/lab4/build/ros2_aruco/build/lib/ros2_aruco/aruco_node.py -> /home/cc/ee106a/fa26/class/ee106a-act/ros_workspaces/lab4/install/ros2_aruco/lib/python3.10/site-packages/ros2_aruco\n'}
[2.678424] (ros2_aruco) StdoutLine: {'line': b'copying /home/cc/ee106a/fa26/class/ee106a-act/ros_workspaces/lab4/build/ros2_aruco/build/lib/ros2_aruco/__init__.py -> /home/cc/ee106a/fa26/class/ee106a-act/ros_workspaces/lab4/install/ros2_aruco/lib/python3.10/site-packages/ros2_aruco\n'}
[2.681588] (ros2_aruco) StdoutLine: {'line': b'copying /home/cc/ee106a/fa26/class/ee106a-act/ros_workspaces/lab4/build/ros2_aruco/build/lib/ros2_aruco/aruco_generate_marker.py -> /home/cc/ee106a/fa26/class/ee106a-act/ros_workspaces/lab4/install/ros2_aruco/lib/python3.10/site-packages/ros2_aruco\n'}
[2.687359] (ros2_aruco) StdoutLine: {'line': b'byte-compiling /home/cc/ee106a/fa26/class/ee106a-act/ros_workspaces/lab4/install/ros2_aruco/lib/python3.10/site-packages/ros2_aruco/aruco_node.py to aruco_node.cpython-310.pyc\n'}
[2.695730] (ros2_aruco) StdoutLine: {'line': b'byte-compiling /home/cc/ee106a/fa26/class/ee106a-act/ros_workspaces/lab4/install/ros2_aruco/lib/python3.10/site-packages/ros2_aruco/__init__.py to __init__.cpython-310.pyc\n'}
[2.700822] (ros2_aruco) StdoutLine: {'line': b'byte-compiling /home/cc/ee106a/fa26/class/ee106a-act/ros_workspaces/lab4/install/ros2_aruco/lib/python3.10/site-packages/ros2_aruco/aruco_generate_marker.py to aruco_generate_marker.cpython-310.pyc\n'}
[2.706265] (ros2_aruco) StdoutLine: {'line': b'running install_data\n'}
[2.706990] (ros2_aruco) StdoutLine: {'line': b'creating /home/cc/ee106a/fa26/class/ee106a-act/ros_workspaces/lab4/install/ros2_aruco/share/ament_index\n'}
[2.708142] (ros2_aruco) StdoutLine: {'line': b'creating /home/cc/ee106a/fa26/class/ee106a-act/ros_workspaces/lab4/install/ros2_aruco/share/ament_index/resource_index\n'}
[2.709357] (ros2_aruco) StdoutLine: {'line': b'creating /home/cc/ee106a/fa26/class/ee106a-act/ros_workspaces/lab4/install/ros2_aruco/share/ament_index/resource_index/packages\n'}
[2.711145] (ros2_aruco) StdoutLine: {'line': b'copying resource/ros2_aruco -> /home/cc/ee106a/fa26/class/ee106a-act/ros_workspaces/lab4/install/ros2_aruco/share/ament_index/resource_index/packages\n'}
[2.714813] (ros2_aruco) StdoutLine: {'line': b'copying package.xml -> /home/cc/ee106a/fa26/class/ee106a-act/ros_workspaces/lab4/install/ros2_aruco/share/ros2_aruco\n'}
[2.719037] (ros2_aruco) StdoutLine: {'line': b'creating /home/cc/ee106a/fa26/class/ee106a-act/ros_workspaces/lab4/install/ros2_aruco/share/ros2_aruco/launch\n'}
[2.721123] (ros2_aruco) StdoutLine: {'line': b'copying launch/aruco_recognition.launch.py -> /home/cc/ee106a/fa26/class/ee106a-act/ros_workspaces/lab4/install/ros2_aruco/share/ros2_aruco/launch\n'}
[2.726365] (ros2_aruco) StdoutLine: {'line': b'creating /home/cc/ee106a/fa26/class/ee106a-act/ros_workspaces/lab4/install/ros2_aruco/share/ros2_aruco/config\n'}
[2.727930] (ros2_aruco) StdoutLine: {'line': b'copying config/aruco_parameters.yaml -> /home/cc/ee106a/fa26/class/ee106a-act/ros_workspaces/lab4/install/ros2_aruco/share/ros2_aruco/config\n'}
[2.731948] (-) TimerEvent: {}
[2.733359] (ros2_aruco) StdoutLine: {'line': b'copying config/aruco_parameters_old.yaml -> /home/cc/ee106a/fa26/class/ee106a-act/ros_workspaces/lab4/install/ros2_aruco/share/ros2_aruco/config\n'}
[2.737732] (ros2_aruco) StdoutLine: {'line': b'running install_egg_info\n'}
[2.745257] (ros2_aruco) StdoutLine: {'line': b'Copying ../../../build/ros2_aruco/ros2_aruco.egg-info to /home/cc/ee106a/fa26/class/ee106a-act/ros_workspaces/lab4/install/ros2_aruco/lib/python3.10/site-packages/ros2_aruco-0.1.0-py3.10.egg-info\n'}
[2.796147] (ros2_aruco) StdoutLine: {'line': b'running install_scripts\n'}
[2.818403] (ros2_aruco) StdoutLine: {'line': b'Installing aruco_generate_marker script to /home/cc/ee106a/fa26/class/ee106a-act/ros_workspaces/lab4/install/ros2_aruco/lib/ros2_aruco\n'}
[2.824872] (ros2_aruco) StdoutLine: {'line': b'Installing aruco_node script to /home/cc/ee106a/fa26/class/ee106a-act/ros_workspaces/lab4/install/ros2_aruco/lib/ros2_aruco\n'}
[2.829529] (ros2_aruco) StdoutLine: {'line': b"writing list of installed files to '/home/cc/ee106a/fa26/class/ee106a-act/ros_workspaces/lab4/build/ros2_aruco/install.log'\n"}
[2.831983] (-) TimerEvent: {}
[2.845882] (usb_cam) StdoutLine: {'line': b'-- Detecting CXX compiler ABI info - done\n'}
[2.848769] (ros2_aruco) CommandEnded: {'returncode': 0}
[2.856289] (usb_cam) StdoutLine: {'line': b'-- Check for working CXX compiler: /usr/bin/c++ - skipped\n'}
[2.856563] (usb_cam) StdoutLine: {'line': b'-- Detecting CXX compile features\n'}
[2.857582] (usb_cam) StdoutLine: {'line': b'-- Detecting CXX compile features - done\n'}
[2.872377] (ros2_aruco_interfaces) StdoutLine: {'line': b'-- Detecting CXX compiler ABI info - done\n'}
[2.892625] (ros2_aruco_interfaces) StdoutLine: {'line': b'-- Check for working CXX compiler: /usr/bin/c++ - skipped\n'}
[2.893422] (ros2_aruco_interfaces) StdoutLine: {'line': b'-- Detecting CXX compile features\n'}
[2.894270] (ros2_aruco_interfaces) StdoutLine: {'line': b'-- Detecting CXX compile features - done\n'}
[2.918118] (ros2_aruco) JobEnded: {'identifier': 'ros2_aruco', 'rc': 0}
[2.928515] (turtlebot_controller) JobStarted: {'identifier': 'turtlebot_controller'}
[2.932086] (-) TimerEvent: {}
[2.940837] (usb_cam) StdoutLine: {'line': b'-- Found ament_cmake_auto: 1.3.14 (/opt/ros/humble/share/ament_cmake_auto/cmake)\n'}
[2.951390] (ros2_aruco_interfaces) StdoutLine: {'line': b'-- Found ament_cmake: 1.3.14 (/opt/ros/humble/share/ament_cmake/cmake)\n'}
[3.032199] (-) TimerEvent: {}
[3.132526] (-) TimerEvent: {}
[3.190310] (ros2_aruco_interfaces) StdoutLine: {'line': b'-- Found Python3: /usr/bin/python3 (found version "3.10.12") found components: Interpreter \n'}
[3.190913] (usb_cam) StdoutLine: {'line': b'-- Found Python3: /usr/bin/python3 (found version "3.10.12") found components: Interpreter \n'}
[3.232597] (-) TimerEvent: {}
[3.332816] (-) TimerEvent: {}
[3.433153] (-) TimerEvent: {}
[3.445641] (ros2_aruco_interfaces) StdoutLine: {'line': b'-- Found geometry_msgs: 4.9.2 (/opt/ros/humble/share/geometry_msgs/cmake)\n'}
[3.533236] (-) TimerEvent: {}
[3.615510] (ros2_aruco_interfaces) StdoutLine: {'line': b'-- Found rosidl_generator_c: 3.1.9 (/opt/ros/humble/share/rosidl_generator_c/cmake)\n'}
[3.633330] (-) TimerEvent: {}
[3.652091] (ros2_aruco_interfaces) StdoutLine: {'line': b'-- Found rosidl_adapter: 3.1.9 (/opt/ros/humble/share/rosidl_adapter/cmake)\n'}
[3.698793] (ros2_aruco_interfaces) StdoutLine: {'line': b'-- Found rosidl_generator_cpp: 3.1.9 (/opt/ros/humble/share/rosidl_generator_cpp/cmake)\n'}
[3.733437] (-) TimerEvent: {}
[3.769493] (ros2_aruco_interfaces) StdoutLine: {'line': b'-- Using all available rosidl_typesupport_c: rosidl_typesupport_fastrtps_c;rosidl_typesupport_introspection_c\n'}
[3.825641] (usb_cam) StdoutLine: {'line': b'-- Found rosidl_generator_c: 3.1.9 (/opt/ros/humble/share/rosidl_generator_c/cmake)\n'}
[3.831354] (ros2_aruco_interfaces) StdoutLine: {'line': b'-- Using all available rosidl_typesupport_cpp: rosidl_typesupport_fastrtps_cpp;rosidl_typesupport_introspection_cpp\n'}
[3.833489] (-) TimerEvent: {}
[3.838203] (usb_cam) StdoutLine: {'line': b'-- Found rosidl_adapter: 3.1.9 (/opt/ros/humble/share/rosidl_adapter/cmake)\n'}
[3.849630] (usb_cam) StdoutLine: {'line': b'-- Found rosidl_generator_cpp: 3.1.9 (/opt/ros/humble/share/rosidl_generator_cpp/cmake)\n'}
[3.862999] (usb_cam) StdoutLine: {'line': b'-- Using all available rosidl_typesupport_c: rosidl_typesupport_fastrtps_c;rosidl_typesupport_introspection_c\n'}
[3.877639] (ros2_aruco_interfaces) StdoutLine: {'line': b'-- Found rosidl_default_generators: 1.2.1 (/opt/ros/humble/share/rosidl_default_generators/cmake)\n'}
[3.880799] (usb_cam) StdoutLine: {'line': b'-- Using all available rosidl_typesupport_cpp: rosidl_typesupport_fastrtps_cpp;rosidl_typesupport_introspection_cpp\n'}
[3.933562] (-) TimerEvent: {}
[3.968703] (usb_cam) StdoutLine: {'line': b'-- Found rmw_implementation_cmake: 6.1.3 (/opt/ros/humble/share/rmw_implementation_cmake/cmake)\n'}
[3.973761] (usb_cam) StdoutLine: {'line': b'-- Found rmw_fastrtps_cpp: 6.2.10 (/opt/ros/humble/share/rmw_fastrtps_cpp/cmake)\n'}
[3.997909] (turtlebot_controller) Command: {'cmd': ['/usr/bin/python3', '-W', 'ignore:setup.py install is deprecated', '-W', 'ignore:easy_install command is deprecated', 'setup.py', 'egg_info', '--egg-base', '../../build/turtlebot_controller', 'build', '--build-base', '/home/cc/ee106a/fa26/class/ee106a-act/ros_workspaces/lab4/build/turtlebot_controller/build', 'install', '--record', '/home/cc/ee106a/fa26/class/ee106a-act/ros_workspaces/lab4/build/turtlebot_controller/install.log', '--install-scripts', '$base/lib/turtlebot_controller', '--single-version-externally-managed', 'install_data'], 'cwd': '/home/cc/ee106a/fa26/class/ee106a-act/ros_workspaces/lab4/src/turtlebot_controller', 'env': {'ARCH': 'x86_64', 'QT_SCALE_FACTOR': '1', 'USER': 'ee106a-act', 'HOSTNAME': 'ros2', 'XDG_SESSION_TYPE': 'x11', 'MASTERDIR': '/home/ff/ee106a', 'COMPIZ_CONFIG_PROFILE': 'mate', 'XDG_CACHE_HOME': '/home/cc/ee106a/fa26/class/ee106a-act/.cache', 'SHLVL': '2', 'LD_LIBRARY_PATH': '/opt/ros/turtlebot3_ws/install/turtlebot3_msgs/lib:/opt/ros/turtlebot3_ws/install/dynamixel_sdk_custom_interfaces/lib:/opt/ros/turtlebot3_ws/install/dynamixel_sdk/lib:/usr/lib/x86_64-linux-gnu/gazebo-11/plugins:/opt/ros/humble/opt/rviz_ogre_vendor/lib:/opt/ros/humble/lib/x86_64-linux-gnu:/opt/ros/humble/lib', 'HOME': '/home/cc/ee106a/fa26/class/ee106a-act', 'OLDPWD': '/home/cc/ee106a/fa26/class/ee106a-act/ros_workspaces', 'DESKTOP_SESSION': 'mate', 'ROS_PYTHON_VERSION': '3', 'GTK_MODULES': 'gail:atk-bridge:appmenu-gtk-module:gail:atk-bridge:canberra-gtk-module', 'DISTROBOX_ENTER_PATH': '/usr/local/bin/distrobox-enter', 'SYSTEMD_EXEC_PID': '1748179', 'NNTPSERVER': 'news.csua.berkeley.edu', 'VISUAL': 'emacs', 'XDG_STATE_HOME': '/home/cc/ee106a/fa26/class/ee106a-act/.local/state', 'DBUS_SESSION_BUS_ADDRESS': 'unix:path=/run/user/90936/bus', 'COLORTERM': 'truecolor', 'container': 'podman', 'UBUNTU_MENUPROXY': '1', 'QT_QPA_PLATFORMTHEME': 'gtk2', 'COLCON_PREFIX_PATH': '/opt/ros/turtlebot3_ws/install', 'ROS_DISTRO': 'humble', 'GTK_IM_MODULE': 'ibus', 'LOGNAME': 'ee106a-act', 'MASTER': 'ee106a', 'WINDOWID': '75497478', 'ROS_VERSION': '2', 'XDG_SESSION_CLASS': 'user', 'TERMINFO_DIRS': '/usr/share/terminfo:/run/host/usr/share/terminfo', 'USERNAME': 'ee106a-act', 'TERM': 'xterm-256color', 'GTK_OVERLAY_SCROLLING': '0', 'XDG_SESSION_ID': '2325', 'ROS_LOCALHOST_ONLY': '0', 'WINDOWPATH': '2', 'PATH': '/opt/ros/humble/bin:/share/b/grading/bin:/home/ff/ee106a/bin:/home/ff/ee106a/bin/arch/x86_64:/share/b/grading/bin:/home/ff/ee106a/bin:/home/ff/ee106a/bin/arch/x86_64:/usr/local/sbin:/usr/local/bin:/usr/sbin:/usr/bin:/sbin:/bin:/usr/games:/usr/local/games:/snap/bin:/snap/bin:/share/b/grading/bin:/share/b/grading/sbin:/share/b/runas/x86_64:/share/b/bin:/home/ff/ee106a/venvs/all:/usr/local/sbin:/usr/local/bin:/usr/sbin:/usr/bin:/sbin:/bin:/share/b/grading/bin:/share/b/grading/sbin:/share/b/runas/x86_64:/share/b/bin:/home/ff/ee106a/venvs/all', 'SESSION_MANAGER': 'local/c105-4:@/tmp/.ICE-unix/1748274,unix/c105-4:/tmp/.ICE-unix/1748274', 'OS': 'Linux', 'XDG_RUNTIME_DIR': '/run/user/90936', 'DISPLAY': ':1', 'LANG': 'en_US.UTF-8', 'XDG_CURRENT_DESKTOP': 'MATE', 'XDG_DATA_HOME': '/home/cc/ee106a/fa26/class/ee106a-act/.local/share', 'XDG_CONFIG_HOME': '/home/cc/ee106a/fa26/class/ee106a-act/.config', 'XMODIFIERS': '@im=ibus', 'XDG_SESSION_DESKTOP': 'mate', 'XAUTHORITY': '/run/user/90936/gdm/Xauthority', 'SSH_AUTH_SOCK': '/run/user/90936/keyring/ssh', 'ROS_DOMAIN_ID': '24', 'AMENT_PREFIX_PATH': '/home/cc/ee106a/fa26/class/ee106a-act/ros_workspaces/lab4/install/ros2_aruco:/opt/ros/turtlebot3_ws/install/turtlebot3:/opt/ros/turtlebot3_ws/install/turtlebot3_teleop:/opt/ros/turtlebot3_ws/install/turtlebot3_bringup:/opt/ros/turtlebot3_ws/install/turtlebot3_node:/opt/ros/turtlebot3_ws/install/turtlebot3_navigation2:/opt/ros/turtlebot3_ws/install/turtlebot3_example:/opt/ros/turtlebot3_ws/install/turtlebot3_msgs:/opt/ros/turtlebot3_ws/install/turtlebot3_description:/opt/ros/turtlebot3_ws/install/turtlebot3_cartographer:/opt/ros/turtlebot3_ws/install/dynamixel_sdk_examples:/opt/ros/turtlebot3_ws/install/dynamixel_sdk_custom_interfaces:/opt/ros/turtlebot3_ws/install/dynamixel_sdk:/opt/ros/humble', 'SHELL': '/usr/bin/bash', 'QT_ACCESSIBILITY': '1', 'GDMSESSION': 'mate', 'RUNAS': '/share/b/runas/x86_64', 'GPG_AGENT_INFO': '/run/user/90936/gnupg/S.gpg-agent:0:1', 'CONFIG_SHELL': '/usr/bin/ksh', 'QT_IM_MODULE': 'ibus', 'PWD': '/home/cc/ee106a/fa26/class/ee106a-act/ros_workspaces/lab4/build/turtlebot_controller', 'EE106_ENV_SETUP': 'turtlebot_ros2', 'CONTAINER_ID': 'ros2', 'TURTLEBOT3_MODEL': 'burger', 'LC_ALL': 'C.UTF-8', 'XDG_CONFIG_DIRS': '/etc/xdg/xdg-mate:/etc/xdg', 'CLUTTER_IM_MODULE': 'ibus', 'XDG_DATA_DIRS': '/usr/share/mate:/usr/share/mate:/usr/share/gnome:/home/cc/ee106a/fa26/class/ee106a-act/.local/share/flatpak/exports/share:/var/lib/flatpak/exports/share:/usr/local/share/:/usr/share/:/var/lib/snapd/desktop:/usr/local/share:/usr/share', 'PYTHONPATH': '/home/cc/ee106a/fa26/class/ee106a-act/ros_workspaces/lab4/build/turtlebot_controller/prefix_override:/usr/lib/python3/dist-packages/colcon_core/task/python/colcon_distutils_commands:/home/cc/ee106a/fa26/class/ee106a-act/ros_workspaces/lab4/install/turtlebot_controller/lib/python3.10/site-packages:/home/cc/ee106a/fa26/class/ee106a-act/ros_workspaces/lab4/install/ros2_aruco/lib/python3.10/site-packages:/opt/ros/turtlebot3_ws/build/turtlebot3_teleop:/opt/ros/turtlebot3_ws/install/turtlebot3_teleop/lib/python3.10/site-packages:/opt/ros/turtlebot3_ws/build/turtlebot3_example:/opt/ros/turtlebot3_ws/install/turtlebot3_example/lib/python3.10/site-packages:/opt/ros/turtlebot3_ws/install/turtlebot3_msgs/local/lib/python3.10/dist-packages:/opt/ros/turtlebot3_ws/install/dynamixel_sdk_custom_interfaces/local/lib/python3.10/dist-packages:/opt/ros/turtlebot3_ws/install/dynamixel_sdk/local/lib/python3.10/dist-packages:/opt/ros/humble/lib/python3.10/site-packages:/opt/ros/humble/local/lib/python3.10/dist-packages', 'MATE_DESKTOP_SESSION_ID': 'this-is-deprecated', 'COLCON': '1', 'MANPATH': '/usr/local/man:/usr/man:/usr/X11/man:/usr/local/man:/share/b/grading/man:/usr/local/man:/usr/man:/usr/X11/man:/usr/local/man:/share/b/grading/man:', 'VTE_VERSION': '6800', 'EDITOR': 'emacs', 'CMAKE_PREFIX_PATH': '/opt/ros/turtlebot3_ws/install/turtlebot3:/opt/ros/turtlebot3_ws/install/turtlebot3_bringup:/opt/ros/turtlebot3_ws/install/turtlebot3_node:/opt/ros/turtlebot3_ws/install/turtlebot3_navigation2:/opt/ros/turtlebot3_ws/install/turtlebot3_msgs:/opt/ros/turtlebot3_ws/install/turtlebot3_description:/opt/ros/turtlebot3_ws/install/turtlebot3_cartographer:/opt/ros/turtlebot3_ws/install/dynamixel_sdk_examples:/opt/ros/turtlebot3_ws/install/dynamixel_sdk_custom_interfaces:/opt/ros/turtlebot3_ws/install/dynamixel_sdk', 'QT_FONT_DPI': '122'}, 'shell': False}
[4.033633] (-) TimerEvent: {}
[4.133833] (-) TimerEvent: {}
[4.234186] (-) TimerEvent: {}
[4.334499] (-) TimerEvent: {}
[4.339453] (usb_cam) StdoutLine: {'line': b'-- Found OpenSSL: /usr/lib/x86_64-linux-gnu/libcrypto.so (found version "3.0.2")  \n'}
[4.365063] (usb_cam) StdoutLine: {'line': b'-- Found FastRTPS: /opt/ros/humble/include  \n'}
[4.404210] (usb_cam) StdoutLine: {'line': b"-- Using RMW implementation 'rmw_fastrtps_cpp' as default\n"}
[4.434574] (-) TimerEvent: {}
[4.469435] (usb_cam) StdoutLine: {'line': b'-- Looking for pthread.h\n'}
[4.497092] (turtlebot_controller) StdoutLine: {'line': b'running egg_info\n'}
[4.497721] (turtlebot_controller) StdoutLine: {'line': b'creating ../../build/turtlebot_controller/turtlebot_controller.egg-info\n'}
[4.500066] (turtlebot_controller) StdoutLine: {'line': b'writing ../../build/turtlebot_controller/turtlebot_controller.egg-info/PKG-INFO\n'}
[4.506444] (turtlebot_controller) StdoutLine: {'line': b'writing dependency_links to ../../build/turtlebot_controller/turtlebot_controller.egg-info/dependency_links.txt\n'}
[4.509447] (turtlebot_controller) StdoutLine: {'line': b'writing entry points to ../../build/turtlebot_controller/turtlebot_controller.egg-info/entry_points.txt\n'}
[4.512005] (turtlebot_controller) StdoutLine: {'line': b'writing requirements to ../../build/turtlebot_controller/turtlebot_controller.egg-info/requires.txt\n'}
[4.514218] (turtlebot_controller) StdoutLine: {'line': b'writing top-level names to ../../build/turtlebot_controller/turtlebot_controller.egg-info/top_level.txt\n'}
[4.517324] (turtlebot_controller) StdoutLine: {'line': b"writing manifest file '../../build/turtlebot_controller/turtlebot_controller.egg-info/SOURCES.txt'\n"}
[4.523809] (turtlebot_controller) StdoutLine: {'line': b"reading manifest file '../../build/turtlebot_controller/turtlebot_controller.egg-info/SOURCES.txt'\n"}
[4.525354] (turtlebot_controller) StdoutLine: {'line': b"writing manifest file '../../build/turtlebot_controller/turtlebot_controller.egg-info/SOURCES.txt'\n"}
[4.526413] (turtlebot_controller) StdoutLine: {'line': b'running build\n'}
[4.526487] (turtlebot_controller) StdoutLine: {'line': b'running build_py\n'}
[4.528098] (turtlebot_controller) StdoutLine: {'line': b'creating /home/cc/ee106a/fa26/class/ee106a-act/ros_workspaces/lab4/build/turtlebot_controller/build\n'}
[4.529546] (turtlebot_controller) StdoutLine: {'line': b'creating /home/cc/ee106a/fa26/class/ee106a-act/ros_workspaces/lab4/build/turtlebot_controller/build/lib\n'}
[4.530973] (turtlebot_controller) StdoutLine: {'line': b'creating /home/cc/ee106a/fa26/class/ee106a-act/ros_workspaces/lab4/build/turtlebot_controller/build/lib/turtlebot_controller\n'}
[4.532806] (turtlebot_controller) StdoutLine: {'line': b'copying turtlebot_controller/nav_client.py -> /home/cc/ee106a/fa26/class/ee106a-act/ros_workspaces/lab4/build/turtlebot_controller/build/lib/turtlebot_controller\n'}
[4.534633] (-) TimerEvent: {}
[4.538325] (turtlebot_controller) StdoutLine: {'line': b'copying turtlebot_controller/square_drive.py -> /home/cc/ee106a/fa26/class/ee106a-act/ros_workspaces/lab4/build/turtlebot_controller/build/lib/turtlebot_controller\n'}
[4.543372] (turtlebot_controller) StdoutLine: {'line': b'copying turtlebot_controller/__init__.py -> /home/cc/ee106a/fa26/class/ee106a-act/ros_workspaces/lab4/build/turtlebot_controller/build/lib/turtlebot_controller\n'}
[4.546755] (turtlebot_controller) StdoutLine: {'line': b'running install\n'}
[4.547089] (turtlebot_controller) StdoutLine: {'line': b'running install_lib\n'}
[4.550331] (turtlebot_controller) StdoutLine: {'line': b'creating /home/cc/ee106a/fa26/class/ee106a-act/ros_workspaces/lab4/install/turtlebot_controller/lib/python3.10/site-packages/turtlebot_controller\n'}
[4.551955] (turtlebot_controller) StdoutLine: {'line': b'copying /home/cc/ee106a/fa26/class/ee106a-act/ros_workspaces/lab4/build/turtlebot_controller/build/lib/turtlebot_controller/__init__.py -> /home/cc/ee106a/fa26/class/ee106a-act/ros_workspaces/lab4/install/turtlebot_controller/lib/python3.10/site-packages/turtlebot_controller\n'}
[4.555769] (turtlebot_controller) StdoutLine: {'line': b'copying /home/cc/ee106a/fa26/class/ee106a-act/ros_workspaces/lab4/build/turtlebot_controller/build/lib/turtlebot_controller/nav_client.py -> /home/cc/ee106a/fa26/class/ee106a-act/ros_workspaces/lab4/install/turtlebot_controller/lib/python3.10/site-packages/turtlebot_controller\n'}
[4.560745] (turtlebot_controller) StdoutLine: {'line': b'copying /home/cc/ee106a/fa26/class/ee106a-act/ros_workspaces/lab4/build/turtlebot_controller/build/lib/turtlebot_controller/square_drive.py -> /home/cc/ee106a/fa26/class/ee106a-act/ros_workspaces/lab4/install/turtlebot_controller/lib/python3.10/site-packages/turtlebot_controller\n'}
[4.569472] (turtlebot_controller) StdoutLine: {'line': b'byte-compiling /home/cc/ee106a/fa26/class/ee106a-act/ros_workspaces/lab4/install/turtlebot_controller/lib/python3.10/site-packages/turtlebot_controller/__init__.py to __init__.cpython-310.pyc\n'}
[4.576251] (turtlebot_controller) StdoutLine: {'line': b'byte-compiling /home/cc/ee106a/fa26/class/ee106a-act/ros_workspaces/lab4/install/turtlebot_controller/lib/python3.10/site-packages/turtlebot_controller/nav_client.py to nav_client.cpython-310.pyc\n'}
[4.584654] (turtlebot_controller) StdoutLine: {'line': b'byte-compiling /home/cc/ee106a/fa26/class/ee106a-act/ros_workspaces/lab4/install/turtlebot_controller/lib/python3.10/site-packages/turtlebot_controller/square_drive.py to square_drive.cpython-310.pyc\n'}
[4.586090] (turtlebot_controller) StdoutLine: {'line': b'running install_data\n'}
[4.586460] (turtlebot_controller) StderrLine: {'line': b"Sorry: IndentationError: expected an indented block after 'try' statement on line 94 (square_drive.py, line 96)\n"}
[4.586727] (turtlebot_controller) StdoutLine: {'line': b'creating /home/cc/ee106a/fa26/class/ee106a-act/ros_workspaces/lab4/install/turtlebot_controller/share/ament_index\n'}
[4.588568] (turtlebot_controller) StdoutLine: {'line': b'creating /home/cc/ee106a/fa26/class/ee106a-act/ros_workspaces/lab4/install/turtlebot_controller/share/ament_index/resource_index\n'}
[4.590095] (turtlebot_controller) StdoutLine: {'line': b'creating /home/cc/ee106a/fa26/class/ee106a-act/ros_workspaces/lab4/install/turtlebot_controller/share/ament_index/resource_index/packages\n'}
[4.592101] (turtlebot_controller) StdoutLine: {'line': b'copying resource/turtlebot_controller -> /home/cc/ee106a/fa26/class/ee106a-act/ros_workspaces/lab4/install/turtlebot_controller/share/ament_index/resource_index/packages\n'}
[4.596151] (turtlebot_controller) StdoutLine: {'line': b'copying package.xml -> /home/cc/ee106a/fa26/class/ee106a-act/ros_workspaces/lab4/install/turtlebot_controller/share/turtlebot_controller\n'}
[4.601082] (turtlebot_controller) StdoutLine: {'line': b'creating /home/cc/ee106a/fa26/class/ee106a-act/ros_workspaces/lab4/install/turtlebot_controller/share/turtlebot_controller/launch\n'}
[4.602633] (turtlebot_controller) StdoutLine: {'line': b'copying launch/slam_launch.py -> /home/cc/ee106a/fa26/class/ee106a-act/ros_workspaces/lab4/install/turtlebot_controller/share/turtlebot_controller/launch\n'}
[4.608521] (turtlebot_controller) StdoutLine: {'line': b'copying launch/tag_launch.py -> /home/cc/ee106a/fa26/class/ee106a-act/ros_workspaces/lab4/install/turtlebot_controller/share/turtlebot_controller/launch\n'}
[4.613881] (turtlebot_controller) StdoutLine: {'line': b'creating /home/cc/ee106a/fa26/class/ee106a-act/ros_workspaces/lab4/install/turtlebot_controller/share/turtlebot_controller/rviz\n'}
[4.615719] (turtlebot_controller) StdoutLine: {'line': b'copying rviz/slam.rviz -> /home/cc/ee106a/fa26/class/ee106a-act/ros_workspaces/lab4/install/turtlebot_controller/share/turtlebot_controller/rviz\n'}
[4.621052] (turtlebot_controller) StdoutLine: {'line': b'running install_egg_info\n'}
[4.626346] (turtlebot_controller) StdoutLine: {'line': b'Copying ../../build/turtlebot_controller/turtlebot_controller.egg-info to /home/cc/ee106a/fa26/class/ee106a-act/ros_workspaces/lab4/install/turtlebot_controller/lib/python3.10/site-packages/turtlebot_controller-0.0.0-py3.10.egg-info\n'}
[4.634729] (-) TimerEvent: {}
[4.663925] (turtlebot_controller) StdoutLine: {'line': b'running install_scripts\n'}
[4.728816] (turtlebot_controller) StdoutLine: {'line': b'Installing nav_client script to /home/cc/ee106a/fa26/class/ee106a-act/ros_workspaces/lab4/install/turtlebot_controller/lib/turtlebot_controller\n'}
[4.733815] (turtlebot_controller) StdoutLine: {'line': b'Installing square_drive script to /home/cc/ee106a/fa26/class/ee106a-act/ros_workspaces/lab4/install/turtlebot_controller/lib/turtlebot_controller\n'}
[4.734788] (-) TimerEvent: {}
[4.737799] (turtlebot_controller) StdoutLine: {'line': b"writing list of installed files to '/home/cc/ee106a/fa26/class/ee106a-act/ros_workspaces/lab4/build/turtlebot_controller/install.log'\n"}
[4.754114] (turtlebot_controller) CommandEnded: {'returncode': 0}
[4.809294] (turtlebot_controller) JobEnded: {'identifier': 'turtlebot_controller', 'rc': 0}
[4.820543] (usb_cam) StdoutLine: {'line': b'-- Looking for pthread.h - found\n'}
[4.820809] (usb_cam) StdoutLine: {'line': b'-- Performing Test CMAKE_HAVE_LIBC_PTHREAD\n'}
[4.834898] (-) TimerEvent: {}
[4.843852] (ros2_aruco_interfaces) StdoutLine: {'line': b'-- Found ament_cmake_ros: 0.10.0 (/opt/ros/humble/share/ament_cmake_ros/cmake)\n'}
[4.935038] (-) TimerEvent: {}
[5.035444] (-) TimerEvent: {}
[5.135942] (-) TimerEvent: {}
[5.152260] (usb_cam) StdoutLine: {'line': b'-- Performing Test CMAKE_HAVE_LIBC_PTHREAD - Success\n'}
[5.156128] (usb_cam) StdoutLine: {'line': b'-- Found Threads: TRUE  \n'}
[5.236000] (-) TimerEvent: {}
[5.336263] (-) TimerEvent: {}
[5.436622] (-) TimerEvent: {}
[5.536996] (-) TimerEvent: {}
[5.625894] (usb_cam) StdoutLine: {'line': b'-- Found OpenCV: /usr (found version "4.5.4") \n'}
[5.629612] (usb_cam) StdoutLine: {'line': b'-- Found PkgConfig: /usr/bin/pkg-config (found version "0.29.2") \n'}
[5.630303] (usb_cam) StdoutLine: {'line': b"-- Checking for module 'libavcodec'\n"}
[5.637052] (-) TimerEvent: {}
[5.649913] (usb_cam) StdoutLine: {'line': b'--   Found libavcodec, version 58.134.100\n'}
[5.724435] (usb_cam) StdoutLine: {'line': b"-- Checking for module 'libavutil'\n"}
[5.737133] (-) TimerEvent: {}
[5.742328] (usb_cam) StdoutLine: {'line': b'--   Found libavutil, version 56.70.100\n'}
[5.812193] (usb_cam) StdoutLine: {'line': b"-- Checking for module 'libswscale'\n"}
[5.837254] (-) TimerEvent: {}
[5.847818] (usb_cam) StdoutLine: {'line': b'--   Found libswscale, version 5.9.100\n'}
[5.937384] (-) TimerEvent: {}
[6.037785] (-) TimerEvent: {}
[6.058952] (usb_cam) StdoutLine: {'line': b'-- Found ament_lint_auto: 0.12.15 (/opt/ros/humble/share/ament_lint_auto/cmake)\n'}
[6.137853] (-) TimerEvent: {}
[6.147340] (usb_cam) StdoutLine: {'line': b"-- Found gtest sources under '/opt/ros/humble/src/gtest_vendor': C++ tests using 'Google Test' will be built\n"}
[6.165690] (usb_cam) StderrLine: {'line': b'\x1b[0mIn this package, headers install destination is set to `include` by ament_auto_package. It is recommended to install `include/usb_cam` instead and will be the default behavior of ament_auto_package from ROS 2 Kilted Kaiju. On distributions before Kilted, ament_auto_package behaves the same way when you use USE_SCOPED_HEADER_INSTALL_DIR option.\x1b[0m\n'}
[6.237978] (-) TimerEvent: {}
[6.338315] (-) TimerEvent: {}
[6.374912] (usb_cam) StdoutLine: {'line': b"-- Added test 'copyright' to check source files copyright and LICENSE\n"}
[6.435511] (usb_cam) StdoutLine: {'line': b"-- Added test 'cppcheck' to perform static code analysis on C / C++ code\n"}
[6.436183] (usb_cam) StdoutLine: {'line': b'-- Configured cppcheck include dirs: /home/cc/ee106a/fa26/class/ee106a-act/ros_workspaces/lab4/src/usb_cam/include\n'}
[6.436410] (usb_cam) StdoutLine: {'line': b'-- Configured cppcheck exclude dirs and/or files: \n'}
[6.438384] (-) TimerEvent: {}
[6.478561] (usb_cam) StdoutLine: {'line': b"-- Added test 'cpplint' to check C / C++ code against the Google style\n"}
[6.478872] (usb_cam) StdoutLine: {'line': b'-- Configured cpplint exclude dirs and/or files: \n'}
[6.489010] (usb_cam) StdoutLine: {'line': b"-- Added test 'flake8' to check Python code syntax and style conventions\n"}
[6.503864] (usb_cam) StdoutLine: {'line': b"-- Added test 'lint_cmake' to check CMake code style\n"}
[6.512635] (usb_cam) StdoutLine: {'line': b"-- Added test 'pep257' to check Python code against some of the docstring style conventions in PEP 257\n"}
[6.538554] (-) TimerEvent: {}
[6.551150] (usb_cam) StdoutLine: {'line': b"-- Added test 'uncrustify' to check C / C++ code style\n"}
[6.551464] (usb_cam) StdoutLine: {'line': b'-- Configured uncrustify additional arguments: \n'}
[6.561915] (usb_cam) StdoutLine: {'line': b"-- Added test 'xmllint' to check XML markup files\n"}
[6.638710] (-) TimerEvent: {}
[6.739137] (-) TimerEvent: {}
[6.764012] (usb_cam) StdoutLine: {'line': b'-- Configuring done\n'}
[6.839262] (-) TimerEvent: {}
[6.939605] (-) TimerEvent: {}
[6.970572] (ros2_aruco_interfaces) StdoutLine: {'line': b'-- Using all available rosidl_typesupport_c: rosidl_typesupport_fastrtps_c;rosidl_typesupport_introspection_c\n'}
[7.039710] (-) TimerEvent: {}
[7.140059] (-) TimerEvent: {}
[7.240503] (-) TimerEvent: {}
[7.340936] (-) TimerEvent: {}
[7.360069] (usb_cam) StdoutLine: {'line': b'-- Generating done\n'}
[7.441176] (-) TimerEvent: {}
[7.496833] (usb_cam) StdoutLine: {'line': b'-- Build files have been written to: /home/cc/ee106a/fa26/class/ee106a-act/ros_workspaces/lab4/build/usb_cam\n'}
[7.503805] (usb_cam) CommandEnded: {'returncode': 0}
[7.504247] (usb_cam) JobProgress: {'identifier': 'usb_cam', 'progress': 'build'}
[7.504775] (usb_cam) Command: {'cmd': ['/usr/bin/cmake', '--build', '/home/cc/ee106a/fa26/class/ee106a-act/ros_workspaces/lab4/build/usb_cam', '--', '-j32', '-l32'], 'cwd': '/home/cc/ee106a/fa26/class/ee106a-act/ros_workspaces/lab4/build/usb_cam', 'env': OrderedDict([('ARCH', 'x86_64'), ('QT_SCALE_FACTOR', '1'), ('USER', 'ee106a-act'), ('HOSTNAME', 'ros2'), ('XDG_SESSION_TYPE', 'x11'), ('MASTERDIR', '/home/ff/ee106a'), ('COMPIZ_CONFIG_PROFILE', 'mate'), ('XDG_CACHE_HOME', '/home/cc/ee106a/fa26/class/ee106a-act/.cache'), ('SHLVL', '2'), ('LD_LIBRARY_PATH', '/opt/ros/turtlebot3_ws/install/turtlebot3_msgs/lib:/opt/ros/turtlebot3_ws/install/dynamixel_sdk_custom_interfaces/lib:/opt/ros/turtlebot3_ws/install/dynamixel_sdk/lib:/usr/lib/x86_64-linux-gnu/gazebo-11/plugins:/opt/ros/humble/opt/rviz_ogre_vendor/lib:/opt/ros/humble/lib/x86_64-linux-gnu:/opt/ros/humble/lib'), ('HOME', '/home/cc/ee106a/fa26/class/ee106a-act'), ('OLDPWD', '/home/cc/ee106a/fa26/class/ee106a-act/ros_workspaces'), ('DESKTOP_SESSION', 'mate'), ('ROS_PYTHON_VERSION', '3'), ('GTK_MODULES', 'gail:atk-bridge:appmenu-gtk-module:gail:atk-bridge:canberra-gtk-module'), ('DISTROBOX_ENTER_PATH', '/usr/local/bin/distrobox-enter'), ('SYSTEMD_EXEC_PID', '1748179'), ('NNTPSERVER', 'news.csua.berkeley.edu'), ('VISUAL', 'emacs'), ('XDG_STATE_HOME', '/home/cc/ee106a/fa26/class/ee106a-act/.local/state'), ('DBUS_SESSION_BUS_ADDRESS', 'unix:path=/run/user/90936/bus'), ('COLORTERM', 'truecolor'), ('container', 'podman'), ('UBUNTU_MENUPROXY', '1'), ('QT_QPA_PLATFORMTHEME', 'gtk2'), ('COLCON_PREFIX_PATH', '/opt/ros/turtlebot3_ws/install'), ('ROS_DISTRO', 'humble'), ('GTK_IM_MODULE', 'ibus'), ('LOGNAME', 'ee106a-act'), ('MASTER', 'ee106a'), ('WINDOWID', '75497478'), ('ROS_VERSION', '2'), ('XDG_SESSION_CLASS', 'user'), ('TERMINFO_DIRS', '/usr/share/terminfo:/run/host/usr/share/terminfo'), ('USERNAME', 'ee106a-act'), ('TERM', 'xterm-256color'), ('GTK_OVERLAY_SCROLLING', '0'), ('XDG_SESSION_ID', '2325'), ('ROS_LOCALHOST_ONLY', '0'), ('WINDOWPATH', '2'), ('PATH', '/opt/ros/humble/bin:/share/b/grading/bin:/home/ff/ee106a/bin:/home/ff/ee106a/bin/arch/x86_64:/share/b/grading/bin:/home/ff/ee106a/bin:/home/ff/ee106a/bin/arch/x86_64:/usr/local/sbin:/usr/local/bin:/usr/sbin:/usr/bin:/sbin:/bin:/usr/games:/usr/local/games:/snap/bin:/snap/bin:/share/b/grading/bin:/share/b/grading/sbin:/share/b/runas/x86_64:/share/b/bin:/home/ff/ee106a/venvs/all:/usr/local/sbin:/usr/local/bin:/usr/sbin:/usr/bin:/sbin:/bin:/share/b/grading/bin:/share/b/grading/sbin:/share/b/runas/x86_64:/share/b/bin:/home/ff/ee106a/venvs/all'), ('SESSION_MANAGER', 'local/c105-4:@/tmp/.ICE-unix/1748274,unix/c105-4:/tmp/.ICE-unix/1748274'), ('OS', 'Linux'), ('XDG_RUNTIME_DIR', '/run/user/90936'), ('DISPLAY', ':1'), ('LANG', 'en_US.UTF-8'), ('XDG_CURRENT_DESKTOP', 'MATE'), ('XDG_DATA_HOME', '/home/cc/ee106a/fa26/class/ee106a-act/.local/share'), ('XDG_CONFIG_HOME', '/home/cc/ee106a/fa26/class/ee106a-act/.config'), ('XMODIFIERS', '@im=ibus'), ('XDG_SESSION_DESKTOP', 'mate'), ('XAUTHORITY', '/run/user/90936/gdm/Xauthority'), ('SSH_AUTH_SOCK', '/run/user/90936/keyring/ssh'), ('ROS_DOMAIN_ID', '24'), ('AMENT_PREFIX_PATH', '/opt/ros/turtlebot3_ws/install/turtlebot3:/opt/ros/turtlebot3_ws/install/turtlebot3_teleop:/opt/ros/turtlebot3_ws/install/turtlebot3_bringup:/opt/ros/turtlebot3_ws/install/turtlebot3_node:/opt/ros/turtlebot3_ws/install/turtlebot3_navigation2:/opt/ros/turtlebot3_ws/install/turtlebot3_example:/opt/ros/turtlebot3_ws/install/turtlebot3_msgs:/opt/ros/turtlebot3_ws/install/turtlebot3_description:/opt/ros/turtlebot3_ws/install/turtlebot3_cartographer:/opt/ros/turtlebot3_ws/install/dynamixel_sdk_examples:/opt/ros/turtlebot3_ws/install/dynamixel_sdk_custom_interfaces:/opt/ros/turtlebot3_ws/install/dynamixel_sdk:/opt/ros/humble'), ('SHELL', '/usr/bin/bash'), ('QT_ACCESSIBILITY', '1'), ('GDMSESSION', 'mate'), ('RUNAS', '/share/b/runas/x86_64'), ('GPG_AGENT_INFO', '/run/user/90936/gnupg/S.gpg-agent:0:1'), ('CONFIG_SHELL', '/usr/bin/ksh'), ('QT_IM_MODULE', 'ibus'), ('PWD', '/home/cc/ee106a/fa26/class/ee106a-act/ros_workspaces/lab4/build/usb_cam'), ('EE106_ENV_SETUP', 'turtlebot_ros2'), ('CONTAINER_ID', 'ros2'), ('TURTLEBOT3_MODEL', 'burger'), ('LC_ALL', 'C.UTF-8'), ('XDG_CONFIG_DIRS', '/etc/xdg/xdg-mate:/etc/xdg'), ('CLUTTER_IM_MODULE', 'ibus'), ('XDG_DATA_DIRS', '/usr/share/mate:/usr/share/mate:/usr/share/gnome:/home/cc/ee106a/fa26/class/ee106a-act/.local/share/flatpak/exports/share:/var/lib/flatpak/exports/share:/usr/local/share/:/usr/share/:/var/lib/snapd/desktop:/usr/local/share:/usr/share'), ('PYTHONPATH', '/opt/ros/turtlebot3_ws/build/turtlebot3_teleop:/opt/ros/turtlebot3_ws/install/turtlebot3_teleop/lib/python3.10/site-packages:/opt/ros/turtlebot3_ws/build/turtlebot3_example:/opt/ros/turtlebot3_ws/install/turtlebot3_example/lib/python3.10/site-packages:/opt/ros/turtlebot3_ws/install/turtlebot3_msgs/local/lib/python3.10/dist-packages:/opt/ros/turtlebot3_ws/install/dynamixel_sdk_custom_interfaces/local/lib/python3.10/dist-packages:/opt/ros/turtlebot3_ws/install/dynamixel_sdk/local/lib/python3.10/dist-packages:/opt/ros/humble/lib/python3.10/site-packages:/opt/ros/humble/local/lib/python3.10/dist-packages'), ('MATE_DESKTOP_SESSION_ID', 'this-is-deprecated'), ('COLCON', '1'), ('MANPATH', '/usr/local/man:/usr/man:/usr/X11/man:/usr/local/man:/share/b/grading/man:/usr/local/man:/usr/man:/usr/X11/man:/usr/local/man:/share/b/grading/man:'), ('VTE_VERSION', '6800'), ('EDITOR', 'emacs'), ('CMAKE_PREFIX_PATH', '/opt/ros/turtlebot3_ws/install/turtlebot3:/opt/ros/turtlebot3_ws/install/turtlebot3_bringup:/opt/ros/turtlebot3_ws/install/turtlebot3_node:/opt/ros/turtlebot3_ws/install/turtlebot3_navigation2:/opt/ros/turtlebot3_ws/install/turtlebot3_msgs:/opt/ros/turtlebot3_ws/install/turtlebot3_description:/opt/ros/turtlebot3_ws/install/turtlebot3_cartographer:/opt/ros/turtlebot3_ws/install/dynamixel_sdk_examples:/opt/ros/turtlebot3_ws/install/dynamixel_sdk_custom_interfaces:/opt/ros/turtlebot3_ws/install/dynamixel_sdk:/opt/ros/turtlebot3_ws/install/turtlebot3_teleop:/opt/ros/turtlebot3_ws/install/turtlebot3_example:/opt/ros/humble'), ('QT_FONT_DPI', '122')]), 'shell': False}
[7.541255] (-) TimerEvent: {}
[7.616786] (ros2_aruco_interfaces) StdoutLine: {'line': b'-- Using all available rosidl_typesupport_cpp: rosidl_typesupport_fastrtps_cpp;rosidl_typesupport_introspection_cpp\n'}
[7.639391] (usb_cam) StdoutLine: {'line': b'[ 28%] \x1b[32mBuilding CXX object gtest/CMakeFiles/gtest.dir/src/gtest-all.cc.o\x1b[0m\n'}
[7.639561] (usb_cam) StdoutLine: {'line': b'[ 28%] \x1b[32mBuilding CXX object CMakeFiles/usb_cam.dir/src/usb_cam.cpp.o\x1b[0m\n'}
[7.639628] (usb_cam) StdoutLine: {'line': b'[ 28%] \x1b[32mBuilding CXX object CMakeFiles/usb_cam_node_exe.dir/rclcpp_components/node_main_usb_cam_node_exe.cpp.o\x1b[0m\n'}
[7.640384] (usb_cam) StdoutLine: {'line': b'[ 28%] \x1b[32mBuilding CXX object gtest/CMakeFiles/gtest_main.dir/src/gtest_main.cc.o\x1b[0m\n'}
[7.641314] (-) TimerEvent: {}
[7.703209] (ros2_aruco_interfaces) StdoutLine: {'line': b'-- Found PythonInterp: /usr/bin/python3 (found suitable version "3.10.12", minimum required is "3.6") \n'}
[7.710322] (ros2_aruco_interfaces) StdoutLine: {'line': b'-- Found python_cmake_module: 0.10.0 (/opt/ros/humble/share/python_cmake_module/cmake)\n'}
[7.741406] (-) TimerEvent: {}
[7.761543] (ros2_aruco_interfaces) StdoutLine: {'line': b'-- Found PythonLibs: /usr/lib/x86_64-linux-gnu/libpython3.10.so (found suitable version "3.10.12", minimum required is "3.5") \n'}
[7.761706] (ros2_aruco_interfaces) StdoutLine: {'line': b'-- Using PYTHON_EXECUTABLE: /usr/bin/python3\n'}
[7.761775] (ros2_aruco_interfaces) StdoutLine: {'line': b'-- Using PYTHON_INCLUDE_DIRS: /usr/include/python3.10\n'}
[7.761832] (ros2_aruco_interfaces) StdoutLine: {'line': b'-- Using PYTHON_LIBRARIES: /usr/lib/x86_64-linux-gnu/libpython3.10.so\n'}
[7.788564] (ros2_aruco_interfaces) StdoutLine: {'line': b'-- Found PythonExtra: .so  \n'}
[7.841507] (-) TimerEvent: {}
[7.941771] (-) TimerEvent: {}
[8.042007] (-) TimerEvent: {}
[8.142255] (-) TimerEvent: {}
[8.242521] (-) TimerEvent: {}
[8.338655] (usb_cam) StdoutLine: {'line': b'[ 35%] \x1b[32m\x1b[1mLinking CXX static library libgtest_main.a\x1b[0m\n'}
[8.342579] (-) TimerEvent: {}
[8.400413] (usb_cam) StdoutLine: {'line': b'[ 35%] Built target gtest_main\n'}
[8.438767] (ros2_aruco_interfaces) StdoutLine: {'line': b'-- Found ament_lint_auto: 0.12.15 (/opt/ros/humble/share/ament_lint_auto/cmake)\n'}
[8.442644] (-) TimerEvent: {}
[8.542914] (-) TimerEvent: {}
[8.643182] (-) TimerEvent: {}
[8.743336] (-) TimerEvent: {}
[8.843513] (-) TimerEvent: {}
[8.905925] (ros2_aruco_interfaces) StdoutLine: {'line': b"-- Added test 'copyright' to check source files copyright and LICENSE\n"}
[8.919395] (ros2_aruco_interfaces) StdoutLine: {'line': b"-- Added test 'lint_cmake' to check CMake code style\n"}
[8.927269] (ros2_aruco_interfaces) StdoutLine: {'line': b"-- Added test 'xmllint' to check XML markup files\n"}
[8.943575] (-) TimerEvent: {}
[9.005261] (usb_cam) StdoutLine: {'line': b'[ 42%] \x1b[32m\x1b[1mLinking CXX shared library libusb_cam.so\x1b[0m\n'}
[9.043664] (-) TimerEvent: {}
[9.061862] (ros2_aruco_interfaces) StdoutLine: {'line': b'-- Configuring done\n'}
[9.143822] (-) TimerEvent: {}
[9.201506] (usb_cam) StdoutLine: {'line': b'[ 42%] Built target usb_cam\n'}
[9.234247] (usb_cam) StdoutLine: {'line': b'[ 50%] \x1b[32mBuilding CXX object CMakeFiles/usb_cam_node.dir/src/usb_cam_node.cpp.o\x1b[0m\n'}
[9.243875] (-) TimerEvent: {}
[9.344086] (-) TimerEvent: {}
[9.444336] (-) TimerEvent: {}
[9.544597] (-) TimerEvent: {}
[9.644869] (-) TimerEvent: {}
[9.720333] (usb_cam) StdoutLine: {'line': b'[ 57%] \x1b[32m\x1b[1mLinking CXX static library libgtest.a\x1b[0m\n'}
[9.744973] (-) TimerEvent: {}
[9.803202] (usb_cam) StdoutLine: {'line': b'[ 64%] \x1b[32m\x1b[1mLinking CXX executable usb_cam_node_exe\x1b[0m\n'}
[9.845022] (-) TimerEvent: {}
[9.908458] (usb_cam) StdoutLine: {'line': b'[ 64%] Built target gtest\n'}
[9.943241] (usb_cam) StdoutLine: {'line': b'[ 78%] \x1b[32mBuilding CXX object CMakeFiles/test_pixel_formats.dir/test/test_pixel_formats.cpp.o\x1b[0m\n'}
[9.943753] (usb_cam) StdoutLine: {'line': b'[ 78%] \x1b[32mBuilding CXX object CMakeFiles/test_usb_cam_utils.dir/test/test_usb_cam_utils.cpp.o\x1b[0m\n'}
[9.945077] (-) TimerEvent: {}
[10.005857] (usb_cam) StdoutLine: {'line': b'[ 78%] Built target usb_cam_node_exe\n'}
[10.045182] (-) TimerEvent: {}
[10.145435] (-) TimerEvent: {}
[10.232058] (ros2_aruco_interfaces) StdoutLine: {'line': b'-- Generating done\n'}
[10.245497] (-) TimerEvent: {}
[10.345731] (-) TimerEvent: {}
[10.442913] (ros2_aruco_interfaces) StdoutLine: {'line': b'-- Build files have been written to: /home/cc/ee106a/fa26/class/ee106a-act/ros_workspaces/lab4/build/ros2_aruco_interfaces\n'}
[10.445789] (-) TimerEvent: {}
[10.449626] (ros2_aruco_interfaces) CommandEnded: {'returncode': 0}
[10.450107] (ros2_aruco_interfaces) JobProgress: {'identifier': 'ros2_aruco_interfaces', 'progress': 'build'}
[10.450549] (ros2_aruco_interfaces) Command: {'cmd': ['/usr/bin/cmake', '--build', '/home/cc/ee106a/fa26/class/ee106a-act/ros_workspaces/lab4/build/ros2_aruco_interfaces', '--', '-j32', '-l32'], 'cwd': '/home/cc/ee106a/fa26/class/ee106a-act/ros_workspaces/lab4/build/ros2_aruco_interfaces', 'env': OrderedDict([('ARCH', 'x86_64'), ('QT_SCALE_FACTOR', '1'), ('USER', 'ee106a-act'), ('HOSTNAME', 'ros2'), ('XDG_SESSION_TYPE', 'x11'), ('MASTERDIR', '/home/ff/ee106a'), ('COMPIZ_CONFIG_PROFILE', 'mate'), ('XDG_CACHE_HOME', '/home/cc/ee106a/fa26/class/ee106a-act/.cache'), ('SHLVL', '2'), ('LD_LIBRARY_PATH', '/opt/ros/turtlebot3_ws/install/turtlebot3_msgs/lib:/opt/ros/turtlebot3_ws/install/dynamixel_sdk_custom_interfaces/lib:/opt/ros/turtlebot3_ws/install/dynamixel_sdk/lib:/usr/lib/x86_64-linux-gnu/gazebo-11/plugins:/opt/ros/humble/opt/rviz_ogre_vendor/lib:/opt/ros/humble/lib/x86_64-linux-gnu:/opt/ros/humble/lib'), ('HOME', '/home/cc/ee106a/fa26/class/ee106a-act'), ('OLDPWD', '/home/cc/ee106a/fa26/class/ee106a-act/ros_workspaces'), ('DESKTOP_SESSION', 'mate'), ('ROS_PYTHON_VERSION', '3'), ('GTK_MODULES', 'gail:atk-bridge:appmenu-gtk-module:gail:atk-bridge:canberra-gtk-module'), ('DISTROBOX_ENTER_PATH', '/usr/local/bin/distrobox-enter'), ('SYSTEMD_EXEC_PID', '1748179'), ('NNTPSERVER', 'news.csua.berkeley.edu'), ('VISUAL', 'emacs'), ('XDG_STATE_HOME', '/home/cc/ee106a/fa26/class/ee106a-act/.local/state'), ('DBUS_SESSION_BUS_ADDRESS', 'unix:path=/run/user/90936/bus'), ('COLORTERM', 'truecolor'), ('container', 'podman'), ('UBUNTU_MENUPROXY', '1'), ('QT_QPA_PLATFORMTHEME', 'gtk2'), ('COLCON_PREFIX_PATH', '/opt/ros/turtlebot3_ws/install'), ('ROS_DISTRO', 'humble'), ('GTK_IM_MODULE', 'ibus'), ('LOGNAME', 'ee106a-act'), ('MASTER', 'ee106a'), ('WINDOWID', '75497478'), ('ROS_VERSION', '2'), ('XDG_SESSION_CLASS', 'user'), ('TERMINFO_DIRS', '/usr/share/terminfo:/run/host/usr/share/terminfo'), ('USERNAME', 'ee106a-act'), ('TERM', 'xterm-256color'), ('GTK_OVERLAY_SCROLLING', '0'), ('XDG_SESSION_ID', '2325'), ('ROS_LOCALHOST_ONLY', '0'), ('WINDOWPATH', '2'), ('PATH', '/opt/ros/humble/bin:/share/b/grading/bin:/home/ff/ee106a/bin:/home/ff/ee106a/bin/arch/x86_64:/share/b/grading/bin:/home/ff/ee106a/bin:/home/ff/ee106a/bin/arch/x86_64:/usr/local/sbin:/usr/local/bin:/usr/sbin:/usr/bin:/sbin:/bin:/usr/games:/usr/local/games:/snap/bin:/snap/bin:/share/b/grading/bin:/share/b/grading/sbin:/share/b/runas/x86_64:/share/b/bin:/home/ff/ee106a/venvs/all:/usr/local/sbin:/usr/local/bin:/usr/sbin:/usr/bin:/sbin:/bin:/share/b/grading/bin:/share/b/grading/sbin:/share/b/runas/x86_64:/share/b/bin:/home/ff/ee106a/venvs/all'), ('SESSION_MANAGER', 'local/c105-4:@/tmp/.ICE-unix/1748274,unix/c105-4:/tmp/.ICE-unix/1748274'), ('OS', 'Linux'), ('XDG_RUNTIME_DIR', '/run/user/90936'), ('DISPLAY', ':1'), ('LANG', 'en_US.UTF-8'), ('XDG_CURRENT_DESKTOP', 'MATE'), ('XDG_DATA_HOME', '/home/cc/ee106a/fa26/class/ee106a-act/.local/share'), ('XDG_CONFIG_HOME', '/home/cc/ee106a/fa26/class/ee106a-act/.config'), ('XMODIFIERS', '@im=ibus'), ('XDG_SESSION_DESKTOP', 'mate'), ('XAUTHORITY', '/run/user/90936/gdm/Xauthority'), ('SSH_AUTH_SOCK', '/run/user/90936/keyring/ssh'), ('ROS_DOMAIN_ID', '24'), ('AMENT_PREFIX_PATH', '/opt/ros/turtlebot3_ws/install/turtlebot3:/opt/ros/turtlebot3_ws/install/turtlebot3_teleop:/opt/ros/turtlebot3_ws/install/turtlebot3_bringup:/opt/ros/turtlebot3_ws/install/turtlebot3_node:/opt/ros/turtlebot3_ws/install/turtlebot3_navigation2:/opt/ros/turtlebot3_ws/install/turtlebot3_example:/opt/ros/turtlebot3_ws/install/turtlebot3_msgs:/opt/ros/turtlebot3_ws/install/turtlebot3_description:/opt/ros/turtlebot3_ws/install/turtlebot3_cartographer:/opt/ros/turtlebot3_ws/install/dynamixel_sdk_examples:/opt/ros/turtlebot3_ws/install/dynamixel_sdk_custom_interfaces:/opt/ros/turtlebot3_ws/install/dynamixel_sdk:/opt/ros/humble'), ('SHELL', '/usr/bin/bash'), ('QT_ACCESSIBILITY', '1'), ('GDMSESSION', 'mate'), ('RUNAS', '/share/b/runas/x86_64'), ('GPG_AGENT_INFO', '/run/user/90936/gnupg/S.gpg-agent:0:1'), ('CONFIG_SHELL', '/usr/bin/ksh'), ('QT_IM_MODULE', 'ibus'), ('PWD', '/home/cc/ee106a/fa26/class/ee106a-act/ros_workspaces/lab4/build/ros2_aruco_interfaces'), ('EE106_ENV_SETUP', 'turtlebot_ros2'), ('CONTAINER_ID', 'ros2'), ('TURTLEBOT3_MODEL', 'burger'), ('LC_ALL', 'C.UTF-8'), ('XDG_CONFIG_DIRS', '/etc/xdg/xdg-mate:/etc/xdg'), ('CLUTTER_IM_MODULE', 'ibus'), ('XDG_DATA_DIRS', '/usr/share/mate:/usr/share/mate:/usr/share/gnome:/home/cc/ee106a/fa26/class/ee106a-act/.local/share/flatpak/exports/share:/var/lib/flatpak/exports/share:/usr/local/share/:/usr/share/:/var/lib/snapd/desktop:/usr/local/share:/usr/share'), ('PYTHONPATH', '/opt/ros/turtlebot3_ws/build/turtlebot3_teleop:/opt/ros/turtlebot3_ws/install/turtlebot3_teleop/lib/python3.10/site-packages:/opt/ros/turtlebot3_ws/build/turtlebot3_example:/opt/ros/turtlebot3_ws/install/turtlebot3_example/lib/python3.10/site-packages:/opt/ros/turtlebot3_ws/install/turtlebot3_msgs/local/lib/python3.10/dist-packages:/opt/ros/turtlebot3_ws/install/dynamixel_sdk_custom_interfaces/local/lib/python3.10/dist-packages:/opt/ros/turtlebot3_ws/install/dynamixel_sdk/local/lib/python3.10/dist-packages:/opt/ros/humble/lib/python3.10/site-packages:/opt/ros/humble/local/lib/python3.10/dist-packages'), ('MATE_DESKTOP_SESSION_ID', 'this-is-deprecated'), ('COLCON', '1'), ('MANPATH', '/usr/local/man:/usr/man:/usr/X11/man:/usr/local/man:/share/b/grading/man:/usr/local/man:/usr/man:/usr/X11/man:/usr/local/man:/share/b/grading/man:'), ('VTE_VERSION', '6800'), ('EDITOR', 'emacs'), ('CMAKE_PREFIX_PATH', '/opt/ros/turtlebot3_ws/install/turtlebot3:/opt/ros/turtlebot3_ws/install/turtlebot3_bringup:/opt/ros/turtlebot3_ws/install/turtlebot3_node:/opt/ros/turtlebot3_ws/install/turtlebot3_navigation2:/opt/ros/turtlebot3_ws/install/turtlebot3_msgs:/opt/ros/turtlebot3_ws/install/turtlebot3_description:/opt/ros/turtlebot3_ws/install/turtlebot3_cartographer:/opt/ros/turtlebot3_ws/install/dynamixel_sdk_examples:/opt/ros/turtlebot3_ws/install/dynamixel_sdk_custom_interfaces:/opt/ros/turtlebot3_ws/install/dynamixel_sdk:/opt/ros/turtlebot3_ws/install/turtlebot3_teleop:/opt/ros/turtlebot3_ws/install/turtlebot3_example:/opt/ros/humble'), ('QT_FONT_DPI', '122')]), 'shell': False}
[10.540593] (ros2_aruco_interfaces) StdoutLine: {'line': b'[  3%] \x1b[34m\x1b[1mGenerating C code for ROS interfaces\x1b[0m\n'}
[10.545867] (-) TimerEvent: {}
[10.558855] (ros2_aruco_interfaces) StdoutLine: {'line': b'[  9%] \x1b[34m\x1b[1mGenerating Rust code for ROS interfaces\x1b[0m\n'}
[10.559519] (ros2_aruco_interfaces) StdoutLine: {'line': b'[  9%] \x1b[34m\x1b[1mGenerating C++ code for ROS interfaces\x1b[0m\n'}
[10.576283] (ros2_aruco_interfaces) StdoutLine: {'line': b'[  9%] Built target ament_cmake_python_copy_ros2_aruco_interfaces\n'}
[10.645955] (-) TimerEvent: {}
[10.746180] (-) TimerEvent: {}
[10.774389] (usb_cam) StdoutLine: {'line': b'[ 85%] \x1b[32m\x1b[1mLinking CXX executable test_usb_cam_utils\x1b[0m\n'}
[10.777550] (ros2_aruco_interfaces) StdoutLine: {'line': b'[ 12%] \x1b[32mBuilding C object CMakeFiles/ros2_aruco_interfaces__rosidl_generator_c.dir/rosidl_generator_c/ros2_aruco_interfaces/msg/detail/aruco_markers__functions.c.o\x1b[0m\n'}
[10.787566] (ros2_aruco_interfaces) StdoutLine: {'line': b'[ 12%] Built target ros2_aruco_interfaces__cpp\n'}
[10.789637] (ros2_aruco_interfaces) StdoutLine: {'line': b'[ 12%] Built target ros2_aruco_interfaces__rs\n'}
[10.812001] (ros2_aruco_interfaces) StdoutLine: {'line': b'[ 21%] \x1b[34m\x1b[1mGenerating C++ type support dispatch for ROS interfaces\x1b[0m\n'}
[10.812284] (ros2_aruco_interfaces) StdoutLine: {'line': b'[ 21%] \x1b[34m\x1b[1mGenerating C++ introspection for ROS interfaces\x1b[0m\n'}
[10.813058] (ros2_aruco_interfaces) StdoutLine: {'line': b'[ 21%] \x1b[34m\x1b[1mGenerating C++ type support for eProsima Fast-RTPS\x1b[0m\n'}
[10.846263] (-) TimerEvent: {}
[10.913881] (ros2_aruco_interfaces) StdoutLine: {'line': b'[ 25%] \x1b[32m\x1b[1mLinking C shared library libros2_aruco_interfaces__rosidl_generator_c.so\x1b[0m\n'}
[10.924045] (ros2_aruco_interfaces) StdoutLine: {'line': b'running egg_info\n'}
[10.925413] (ros2_aruco_interfaces) StdoutLine: {'line': b'creating ros2_aruco_interfaces.egg-info\n'}
[10.927802] (ros2_aruco_interfaces) StdoutLine: {'line': b'writing ros2_aruco_interfaces.egg-info/PKG-INFO\n'}
[10.931339] (ros2_aruco_interfaces) StdoutLine: {'line': b'writing dependency_links to ros2_aruco_interfaces.egg-info/dependency_links.txt\n'}
[10.935540] (ros2_aruco_interfaces) StdoutLine: {'line': b'writing top-level names to ros2_aruco_interfaces.egg-info/top_level.txt\n'}
[10.940022] (ros2_aruco_interfaces) StdoutLine: {'line': b"writing manifest file 'ros2_aruco_interfaces.egg-info/SOURCES.txt'\n"}
[10.946331] (-) TimerEvent: {}
[10.946566] (ros2_aruco_interfaces) StdoutLine: {'line': b"reading manifest file 'ros2_aruco_interfaces.egg-info/SOURCES.txt'\n"}
[10.947661] (ros2_aruco_interfaces) StdoutLine: {'line': b"writing manifest file 'ros2_aruco_interfaces.egg-info/SOURCES.txt'\n"}
[10.958091] (usb_cam) StdoutLine: {'line': b'[ 92%] \x1b[32m\x1b[1mLinking CXX executable test_pixel_formats\x1b[0m\n'}
[10.974859] (ros2_aruco_interfaces) StdoutLine: {'line': b'[ 25%] Built target ament_cmake_python_build_ros2_aruco_interfaces_egg\n'}
[10.975892] (ros2_aruco_interfaces) StdoutLine: {'line': b'[ 25%] Built target ros2_aruco_interfaces__rosidl_generator_c\n'}
[10.999010] (ros2_aruco_interfaces) StdoutLine: {'line': b'[ 34%] \x1b[34m\x1b[1mGenerating C type support dispatch for ROS interfaces\x1b[0m\n'}
[10.999466] (ros2_aruco_interfaces) StdoutLine: {'line': b'[ 34%] \x1b[34m\x1b[1mGenerating C type support for eProsima Fast-RTPS\x1b[0m\n'}
[11.000074] (ros2_aruco_interfaces) StdoutLine: {'line': b'[ 34%] \x1b[34m\x1b[1mGenerating C introspection for ROS interfaces\x1b[0m\n'}
[11.045073] (usb_cam) StdoutLine: {'line': b'[ 92%] Built target test_usb_cam_utils\n'}
[11.046392] (-) TimerEvent: {}
[11.079427] (ros2_aruco_interfaces) StdoutLine: {'line': b'[ 40%] \x1b[32mBuilding CXX object CMakeFiles/ros2_aruco_interfaces__rosidl_typesupport_fastrtps_cpp.dir/rosidl_typesupport_fastrtps_cpp/ros2_aruco_interfaces/msg/detail/dds_fastrtps/aruco_markers__type_support.cpp.o\x1b[0m\n'}
[11.080388] (ros2_aruco_interfaces) StdoutLine: {'line': b'[ 40%] \x1b[32mBuilding CXX object CMakeFiles/ros2_aruco_interfaces__rosidl_typesupport_introspection_cpp.dir/rosidl_typesupport_introspection_cpp/ros2_aruco_interfaces/msg/detail/aruco_markers__type_support.cpp.o\x1b[0m\n'}
[11.089416] (ros2_aruco_interfaces) StdoutLine: {'line': b'[ 43%] \x1b[32mBuilding CXX object CMakeFiles/ros2_aruco_interfaces__rosidl_typesupport_cpp.dir/rosidl_typesupport_cpp/ros2_aruco_interfaces/msg/aruco_markers__type_support.cpp.o\x1b[0m\n'}
[11.146484] (-) TimerEvent: {}
[11.159486] (usb_cam) StdoutLine: {'line': b'[ 92%] Built target test_pixel_formats\n'}
[11.186941] (ros2_aruco_interfaces) StdoutLine: {'line': b'[ 46%] \x1b[32mBuilding CXX object CMakeFiles/ros2_aruco_interfaces__rosidl_typesupport_c.dir/rosidl_typesupport_c/ros2_aruco_interfaces/msg/aruco_markers__type_support.cpp.o\x1b[0m\n'}
[11.205317] (ros2_aruco_interfaces) StdoutLine: {'line': b'[ 50%] \x1b[32mBuilding C object CMakeFiles/ros2_aruco_interfaces__rosidl_typesupport_introspection_c.dir/rosidl_typesupport_introspection_c/ros2_aruco_interfaces/msg/detail/aruco_markers__type_support.c.o\x1b[0m\n'}
[11.209546] (ros2_aruco_interfaces) StdoutLine: {'line': b'[ 53%] \x1b[32mBuilding CXX object CMakeFiles/ros2_aruco_interfaces__rosidl_typesupport_fastrtps_c.dir/rosidl_typesupport_fastrtps_c/ros2_aruco_interfaces/msg/detail/aruco_markers__type_support_c.cpp.o\x1b[0m\n'}
[11.234917] (ros2_aruco_interfaces) StdoutLine: {'line': b'[ 56%] \x1b[32m\x1b[1mLinking CXX shared library libros2_aruco_interfaces__rosidl_typesupport_c.so\x1b[0m\n'}
[11.246552] (-) TimerEvent: {}
[11.268250] (ros2_aruco_interfaces) StdoutLine: {'line': b'[ 59%] \x1b[32m\x1b[1mLinking C shared library libros2_aruco_interfaces__rosidl_typesupport_introspection_c.so\x1b[0m\n'}
[11.296086] (ros2_aruco_interfaces) StdoutLine: {'line': b'[ 59%] Built target ros2_aruco_interfaces__rosidl_typesupport_c\n'}
[11.304032] (ros2_aruco_interfaces) StdoutLine: {'line': b'[ 62%] \x1b[32m\x1b[1mLinking CXX shared library libros2_aruco_interfaces__rosidl_typesupport_cpp.so\x1b[0m\n'}
[11.323793] (ros2_aruco_interfaces) StdoutLine: {'line': b'[ 62%] Built target ros2_aruco_interfaces__rosidl_typesupport_introspection_c\n'}
[11.346670] (-) TimerEvent: {}
[11.365826] (ros2_aruco_interfaces) StdoutLine: {'line': b'[ 62%] Built target ros2_aruco_interfaces__rosidl_typesupport_cpp\n'}
[11.439586] (ros2_aruco_interfaces) StdoutLine: {'line': b'[ 65%] \x1b[32m\x1b[1mLinking CXX shared library libros2_aruco_interfaces__rosidl_typesupport_introspection_cpp.so\x1b[0m\n'}
[11.442585] (ros2_aruco_interfaces) StdoutLine: {'line': b'[ 68%] \x1b[32m\x1b[1mLinking CXX shared library libros2_aruco_interfaces__rosidl_typesupport_fastrtps_cpp.so\x1b[0m\n'}
[11.446722] (-) TimerEvent: {}
[11.473080] (ros2_aruco_interfaces) StdoutLine: {'line': b'[ 71%] \x1b[32m\x1b[1mLinking CXX shared library libros2_aruco_interfaces__rosidl_typesupport_fastrtps_c.so\x1b[0m\n'}
[11.523863] (ros2_aruco_interfaces) StdoutLine: {'line': b'[ 71%] Built target ros2_aruco_interfaces__rosidl_typesupport_introspection_cpp\n'}
[11.524038] (ros2_aruco_interfaces) StdoutLine: {'line': b'[ 71%] Built target ros2_aruco_interfaces__rosidl_typesupport_fastrtps_cpp\n'}
[11.546801] (-) TimerEvent: {}
[11.561369] (ros2_aruco_interfaces) StdoutLine: {'line': b'[ 71%] Built target ros2_aruco_interfaces__rosidl_typesupport_fastrtps_c\n'}
[11.589103] (ros2_aruco_interfaces) StdoutLine: {'line': b'[ 71%] Built target ros2_aruco_interfaces\n'}
[11.619397] (ros2_aruco_interfaces) StdoutLine: {'line': b'[ 75%] \x1b[34m\x1b[1mGenerating Python code for ROS interfaces\x1b[0m\n'}
[11.646906] (-) TimerEvent: {}
[11.747241] (-) TimerEvent: {}
[11.847496] (-) TimerEvent: {}
[11.852033] (ros2_aruco_interfaces) StdoutLine: {'line': b'[ 75%] Built target ros2_aruco_interfaces__py\n'}
[11.885242] (ros2_aruco_interfaces) StdoutLine: {'line': b'[ 78%] \x1b[32mBuilding C object CMakeFiles/ros2_aruco_interfaces__rosidl_generator_py.dir/rosidl_generator_py/ros2_aruco_interfaces/msg/_aruco_markers_s.c.o\x1b[0m\n'}
[11.947630] (-) TimerEvent: {}
[12.007744] (ros2_aruco_interfaces) StdoutLine: {'line': b'[ 81%] \x1b[32m\x1b[1mLinking C shared library rosidl_generator_py/ros2_aruco_interfaces/libros2_aruco_interfaces__rosidl_generator_py.so\x1b[0m\n'}
[12.047752] (-) TimerEvent: {}
[12.064840] (ros2_aruco_interfaces) StdoutLine: {'line': b'[ 81%] Built target ros2_aruco_interfaces__rosidl_generator_py\n'}
[12.106334] (ros2_aruco_interfaces) StdoutLine: {'line': b'[ 90%] \x1b[32mBuilding C object CMakeFiles/ros2_aruco_interfaces__rosidl_typesupport_introspection_c__pyext.dir/rosidl_generator_py/ros2_aruco_interfaces/_ros2_aruco_interfaces_s.ep.rosidl_typesupport_introspection_c.c.o\x1b[0m\n'}
[12.106503] (ros2_aruco_interfaces) StdoutLine: {'line': b'[ 90%] \x1b[32mBuilding C object CMakeFiles/ros2_aruco_interfaces__rosidl_typesupport_fastrtps_c__pyext.dir/rosidl_generator_py/ros2_aruco_interfaces/_ros2_aruco_interfaces_s.ep.rosidl_typesupport_fastrtps_c.c.o\x1b[0m\n'}
[12.107104] (ros2_aruco_interfaces) StdoutLine: {'line': b'[ 90%] \x1b[32mBuilding C object CMakeFiles/ros2_aruco_interfaces__rosidl_typesupport_c__pyext.dir/rosidl_generator_py/ros2_aruco_interfaces/_ros2_aruco_interfaces_s.ep.rosidl_typesupport_c.c.o\x1b[0m\n'}
[12.147840] (-) TimerEvent: {}
[12.200206] (ros2_aruco_interfaces) StdoutLine: {'line': b'[ 93%] \x1b[32m\x1b[1mLinking C shared library rosidl_generator_py/ros2_aruco_interfaces/ros2_aruco_interfaces_s__rosidl_typesupport_fastrtps_c.cpython-310-x86_64-linux-gnu.so\x1b[0m\n'}
[12.204227] (ros2_aruco_interfaces) StdoutLine: {'line': b'[ 96%] \x1b[32m\x1b[1mLinking C shared library rosidl_generator_py/ros2_aruco_interfaces/ros2_aruco_interfaces_s__rosidl_typesupport_c.cpython-310-x86_64-linux-gnu.so\x1b[0m\n'}
[12.207518] (ros2_aruco_interfaces) StdoutLine: {'line': b'[100%] \x1b[32m\x1b[1mLinking C shared library rosidl_generator_py/ros2_aruco_interfaces/ros2_aruco_interfaces_s__rosidl_typesupport_introspection_c.cpython-310-x86_64-linux-gnu.so\x1b[0m\n'}
[12.247965] (-) TimerEvent: {}
[12.263542] (ros2_aruco_interfaces) StdoutLine: {'line': b'[100%] Built target ros2_aruco_interfaces__rosidl_typesupport_fastrtps_c__pyext\n'}
[12.263826] (ros2_aruco_interfaces) StdoutLine: {'line': b'[100%] Built target ros2_aruco_interfaces__rosidl_typesupport_introspection_c__pyext\n'}
[12.264500] (ros2_aruco_interfaces) StdoutLine: {'line': b'[100%] Built target ros2_aruco_interfaces__rosidl_typesupport_c__pyext\n'}
[12.320160] (ros2_aruco_interfaces) CommandEnded: {'returncode': 0}
[12.321491] (ros2_aruco_interfaces) JobProgress: {'identifier': 'ros2_aruco_interfaces', 'progress': 'install'}
[12.347992] (-) TimerEvent: {}
[12.349849] (ros2_aruco_interfaces) Command: {'cmd': ['/usr/bin/cmake', '--install', '/home/cc/ee106a/fa26/class/ee106a-act/ros_workspaces/lab4/build/ros2_aruco_interfaces'], 'cwd': '/home/cc/ee106a/fa26/class/ee106a-act/ros_workspaces/lab4/build/ros2_aruco_interfaces', 'env': OrderedDict([('ARCH', 'x86_64'), ('QT_SCALE_FACTOR', '1'), ('USER', 'ee106a-act'), ('HOSTNAME', 'ros2'), ('XDG_SESSION_TYPE', 'x11'), ('MASTERDIR', '/home/ff/ee106a'), ('COMPIZ_CONFIG_PROFILE', 'mate'), ('XDG_CACHE_HOME', '/home/cc/ee106a/fa26/class/ee106a-act/.cache'), ('SHLVL', '2'), ('LD_LIBRARY_PATH', '/opt/ros/turtlebot3_ws/install/turtlebot3_msgs/lib:/opt/ros/turtlebot3_ws/install/dynamixel_sdk_custom_interfaces/lib:/opt/ros/turtlebot3_ws/install/dynamixel_sdk/lib:/usr/lib/x86_64-linux-gnu/gazebo-11/plugins:/opt/ros/humble/opt/rviz_ogre_vendor/lib:/opt/ros/humble/lib/x86_64-linux-gnu:/opt/ros/humble/lib'), ('HOME', '/home/cc/ee106a/fa26/class/ee106a-act'), ('OLDPWD', '/home/cc/ee106a/fa26/class/ee106a-act/ros_workspaces'), ('DESKTOP_SESSION', 'mate'), ('ROS_PYTHON_VERSION', '3'), ('GTK_MODULES', 'gail:atk-bridge:appmenu-gtk-module:gail:atk-bridge:canberra-gtk-module'), ('DISTROBOX_ENTER_PATH', '/usr/local/bin/distrobox-enter'), ('SYSTEMD_EXEC_PID', '1748179'), ('NNTPSERVER', 'news.csua.berkeley.edu'), ('VISUAL', 'emacs'), ('XDG_STATE_HOME', '/home/cc/ee106a/fa26/class/ee106a-act/.local/state'), ('DBUS_SESSION_BUS_ADDRESS', 'unix:path=/run/user/90936/bus'), ('COLORTERM', 'truecolor'), ('container', 'podman'), ('UBUNTU_MENUPROXY', '1'), ('QT_QPA_PLATFORMTHEME', 'gtk2'), ('COLCON_PREFIX_PATH', '/opt/ros/turtlebot3_ws/install'), ('ROS_DISTRO', 'humble'), ('GTK_IM_MODULE', 'ibus'), ('LOGNAME', 'ee106a-act'), ('MASTER', 'ee106a'), ('WINDOWID', '75497478'), ('ROS_VERSION', '2'), ('XDG_SESSION_CLASS', 'user'), ('TERMINFO_DIRS', '/usr/share/terminfo:/run/host/usr/share/terminfo'), ('USERNAME', 'ee106a-act'), ('TERM', 'xterm-256color'), ('GTK_OVERLAY_SCROLLING', '0'), ('XDG_SESSION_ID', '2325'), ('ROS_LOCALHOST_ONLY', '0'), ('WINDOWPATH', '2'), ('PATH', '/opt/ros/humble/bin:/share/b/grading/bin:/home/ff/ee106a/bin:/home/ff/ee106a/bin/arch/x86_64:/share/b/grading/bin:/home/ff/ee106a/bin:/home/ff/ee106a/bin/arch/x86_64:/usr/local/sbin:/usr/local/bin:/usr/sbin:/usr/bin:/sbin:/bin:/usr/games:/usr/local/games:/snap/bin:/snap/bin:/share/b/grading/bin:/share/b/grading/sbin:/share/b/runas/x86_64:/share/b/bin:/home/ff/ee106a/venvs/all:/usr/local/sbin:/usr/local/bin:/usr/sbin:/usr/bin:/sbin:/bin:/share/b/grading/bin:/share/b/grading/sbin:/share/b/runas/x86_64:/share/b/bin:/home/ff/ee106a/venvs/all'), ('SESSION_MANAGER', 'local/c105-4:@/tmp/.ICE-unix/1748274,unix/c105-4:/tmp/.ICE-unix/1748274'), ('OS', 'Linux'), ('XDG_RUNTIME_DIR', '/run/user/90936'), ('DISPLAY', ':1'), ('LANG', 'en_US.UTF-8'), ('XDG_CURRENT_DESKTOP', 'MATE'), ('XDG_DATA_HOME', '/home/cc/ee106a/fa26/class/ee106a-act/.local/share'), ('XDG_CONFIG_HOME', '/home/cc/ee106a/fa26/class/ee106a-act/.config'), ('XMODIFIERS', '@im=ibus'), ('XDG_SESSION_DESKTOP', 'mate'), ('XAUTHORITY', '/run/user/90936/gdm/Xauthority'), ('SSH_AUTH_SOCK', '/run/user/90936/keyring/ssh'), ('ROS_DOMAIN_ID', '24'), ('AMENT_PREFIX_PATH', '/opt/ros/turtlebot3_ws/install/turtlebot3:/opt/ros/turtlebot3_ws/install/turtlebot3_teleop:/opt/ros/turtlebot3_ws/install/turtlebot3_bringup:/opt/ros/turtlebot3_ws/install/turtlebot3_node:/opt/ros/turtlebot3_ws/install/turtlebot3_navigation2:/opt/ros/turtlebot3_ws/install/turtlebot3_example:/opt/ros/turtlebot3_ws/install/turtlebot3_msgs:/opt/ros/turtlebot3_ws/install/turtlebot3_description:/opt/ros/turtlebot3_ws/install/turtlebot3_cartographer:/opt/ros/turtlebot3_ws/install/dynamixel_sdk_examples:/opt/ros/turtlebot3_ws/install/dynamixel_sdk_custom_interfaces:/opt/ros/turtlebot3_ws/install/dynamixel_sdk:/opt/ros/humble'), ('SHELL', '/usr/bin/bash'), ('QT_ACCESSIBILITY', '1'), ('GDMSESSION', 'mate'), ('RUNAS', '/share/b/runas/x86_64'), ('GPG_AGENT_INFO', '/run/user/90936/gnupg/S.gpg-agent:0:1'), ('CONFIG_SHELL', '/usr/bin/ksh'), ('QT_IM_MODULE', 'ibus'), ('PWD', '/home/cc/ee106a/fa26/class/ee106a-act/ros_workspaces/lab4/build/ros2_aruco_interfaces'), ('EE106_ENV_SETUP', 'turtlebot_ros2'), ('CONTAINER_ID', 'ros2'), ('TURTLEBOT3_MODEL', 'burger'), ('LC_ALL', 'C.UTF-8'), ('XDG_CONFIG_DIRS', '/etc/xdg/xdg-mate:/etc/xdg'), ('CLUTTER_IM_MODULE', 'ibus'), ('XDG_DATA_DIRS', '/usr/share/mate:/usr/share/mate:/usr/share/gnome:/home/cc/ee106a/fa26/class/ee106a-act/.local/share/flatpak/exports/share:/var/lib/flatpak/exports/share:/usr/local/share/:/usr/share/:/var/lib/snapd/desktop:/usr/local/share:/usr/share'), ('PYTHONPATH', '/opt/ros/turtlebot3_ws/build/turtlebot3_teleop:/opt/ros/turtlebot3_ws/install/turtlebot3_teleop/lib/python3.10/site-packages:/opt/ros/turtlebot3_ws/build/turtlebot3_example:/opt/ros/turtlebot3_ws/install/turtlebot3_example/lib/python3.10/site-packages:/opt/ros/turtlebot3_ws/install/turtlebot3_msgs/local/lib/python3.10/dist-packages:/opt/ros/turtlebot3_ws/install/dynamixel_sdk_custom_interfaces/local/lib/python3.10/dist-packages:/opt/ros/turtlebot3_ws/install/dynamixel_sdk/local/lib/python3.10/dist-packages:/opt/ros/humble/lib/python3.10/site-packages:/opt/ros/humble/local/lib/python3.10/dist-packages'), ('MATE_DESKTOP_SESSION_ID', 'this-is-deprecated'), ('COLCON', '1'), ('MANPATH', '/usr/local/man:/usr/man:/usr/X11/man:/usr/local/man:/share/b/grading/man:/usr/local/man:/usr/man:/usr/X11/man:/usr/local/man:/share/b/grading/man:'), ('VTE_VERSION', '6800'), ('EDITOR', 'emacs'), ('CMAKE_PREFIX_PATH', '/opt/ros/turtlebot3_ws/install/turtlebot3:/opt/ros/turtlebot3_ws/install/turtlebot3_bringup:/opt/ros/turtlebot3_ws/install/turtlebot3_node:/opt/ros/turtlebot3_ws/install/turtlebot3_navigation2:/opt/ros/turtlebot3_ws/install/turtlebot3_msgs:/opt/ros/turtlebot3_ws/install/turtlebot3_description:/opt/ros/turtlebot3_ws/install/turtlebot3_cartographer:/opt/ros/turtlebot3_ws/install/dynamixel_sdk_examples:/opt/ros/turtlebot3_ws/install/dynamixel_sdk_custom_interfaces:/opt/ros/turtlebot3_ws/install/dynamixel_sdk:/opt/ros/turtlebot3_ws/install/turtlebot3_teleop:/opt/ros/turtlebot3_ws/install/turtlebot3_example:/opt/ros/humble'), ('QT_FONT_DPI', '122')]), 'shell': False}
[12.361906] (ros2_aruco_interfaces) StdoutLine: {'line': b'-- Install configuration: ""\n'}
[12.371351] (ros2_aruco_interfaces) StdoutLine: {'line': b'-- Installing: /home/cc/ee106a/fa26/class/ee106a-act/ros_workspaces/lab4/install/ros2_aruco_interfaces/share/ament_index/resource_index/rosidl_interfaces/ros2_aruco_interfaces\n'}
[12.429067] (ros2_aruco_interfaces) StdoutLine: {'line': b'-- Installing: /home/cc/ee106a/fa26/class/ee106a-act/ros_workspaces/lab4/install/ros2_aruco_interfaces/include/ros2_aruco_interfaces/ros2_aruco_interfaces\n'}
[12.436572] (ros2_aruco_interfaces) StdoutLine: {'line': b'-- Installing: /home/cc/ee106a/fa26/class/ee106a-act/ros_workspaces/lab4/install/ros2_aruco_interfaces/include/ros2_aruco_interfaces/ros2_aruco_interfaces/msg\n'}
[12.442705] (ros2_aruco_interfaces) StdoutLine: {'line': b'-- Installing: /home/cc/ee106a/fa26/class/ee106a-act/ros_workspaces/lab4/install/ros2_aruco_interfaces/include/ros2_aruco_interfaces/ros2_aruco_interfaces/msg/rosidl_generator_c__visibility_control.h\n'}
[12.448109] (-) TimerEvent: {}
[12.449157] (ros2_aruco_interfaces) StdoutLine: {'line': b'-- Installing: /home/cc/ee106a/fa26/class/ee106a-act/ros_workspaces/lab4/install/ros2_aruco_interfaces/include/ros2_aruco_interfaces/ros2_aruco_interfaces/msg/aruco_markers.h\n'}
[12.454985] (ros2_aruco_interfaces) StdoutLine: {'line': b'-- Installing: /home/cc/ee106a/fa26/class/ee106a-act/ros_workspaces/lab4/install/ros2_aruco_interfaces/include/ros2_aruco_interfaces/ros2_aruco_interfaces/msg/detail\n'}
[12.460754] (ros2_aruco_interfaces) StdoutLine: {'line': b'-- Installing: /home/cc/ee106a/fa26/class/ee106a-act/ros_workspaces/lab4/install/ros2_aruco_interfaces/include/ros2_aruco_interfaces/ros2_aruco_interfaces/msg/detail/aruco_markers__struct.h\n'}
[12.466685] (ros2_aruco_interfaces) StdoutLine: {'line': b'-- Installing: /home/cc/ee106a/fa26/class/ee106a-act/ros_workspaces/lab4/install/ros2_aruco_interfaces/include/ros2_aruco_interfaces/ros2_aruco_interfaces/msg/detail/aruco_markers__functions.h\n'}
[12.472752] (ros2_aruco_interfaces) StdoutLine: {'line': b'-- Installing: /home/cc/ee106a/fa26/class/ee106a-act/ros_workspaces/lab4/install/ros2_aruco_interfaces/include/ros2_aruco_interfaces/ros2_aruco_interfaces/msg/detail/aruco_markers__type_support.h\n'}
[12.479041] (ros2_aruco_interfaces) StdoutLine: {'line': b'-- Installing: /home/cc/ee106a/fa26/class/ee106a-act/ros_workspaces/lab4/install/ros2_aruco_interfaces/include/ros2_aruco_interfaces/ros2_aruco_interfaces/msg/detail/aruco_markers__functions.c\n'}
[12.489923] (ros2_aruco_interfaces) StdoutLine: {'line': b'-- Installing: /home/cc/ee106a/fa26/class/ee106a-act/ros_workspaces/lab4/install/ros2_aruco_interfaces/share/ros2_aruco_interfaces/environment/library_path.sh\n'}
[12.499810] (ros2_aruco_interfaces) StdoutLine: {'line': b'-- Installing: /home/cc/ee106a/fa26/class/ee106a-act/ros_workspaces/lab4/install/ros2_aruco_interfaces/share/ros2_aruco_interfaces/environment/library_path.dsv\n'}
[12.508766] (ros2_aruco_interfaces) StdoutLine: {'line': b'-- Installing: /home/cc/ee106a/fa26/class/ee106a-act/ros_workspaces/lab4/install/ros2_aruco_interfaces/lib/libros2_aruco_interfaces__rosidl_generator_c.so\n'}
[12.516378] (ros2_aruco_interfaces) StdoutLine: {'line': b'-- Set runtime path of "/home/cc/ee106a/fa26/class/ee106a-act/ros_workspaces/lab4/install/ros2_aruco_interfaces/lib/libros2_aruco_interfaces__rosidl_generator_c.so" to ""\n'}
[12.517104] (ros2_aruco_interfaces) StdoutLine: {'line': b'-- Up-to-date: /home/cc/ee106a/fa26/class/ee106a-act/ros_workspaces/lab4/install/ros2_aruco_interfaces/include/ros2_aruco_interfaces/ros2_aruco_interfaces\n'}
[12.519063] (ros2_aruco_interfaces) StdoutLine: {'line': b'-- Up-to-date: /home/cc/ee106a/fa26/class/ee106a-act/ros_workspaces/lab4/install/ros2_aruco_interfaces/include/ros2_aruco_interfaces/ros2_aruco_interfaces/msg\n'}
[12.521093] (ros2_aruco_interfaces) StdoutLine: {'line': b'-- Installing: /home/cc/ee106a/fa26/class/ee106a-act/ros_workspaces/lab4/install/ros2_aruco_interfaces/include/ros2_aruco_interfaces/ros2_aruco_interfaces/msg/rosidl_typesupport_fastrtps_c__visibility_control.h\n'}
[12.526932] (ros2_aruco_interfaces) StdoutLine: {'line': b'-- Up-to-date: /home/cc/ee106a/fa26/class/ee106a-act/ros_workspaces/lab4/install/ros2_aruco_interfaces/include/ros2_aruco_interfaces/ros2_aruco_interfaces/msg/detail\n'}
[12.528760] (ros2_aruco_interfaces) StdoutLine: {'line': b'-- Installing: /home/cc/ee106a/fa26/class/ee106a-act/ros_workspaces/lab4/install/ros2_aruco_interfaces/include/ros2_aruco_interfaces/ros2_aruco_interfaces/msg/detail/aruco_markers__rosidl_typesupport_fastrtps_c.h\n'}
[12.534663] (ros2_aruco_interfaces) StdoutLine: {'line': b'-- Installing: /home/cc/ee106a/fa26/class/ee106a-act/ros_workspaces/lab4/install/ros2_aruco_interfaces/lib/libros2_aruco_interfaces__rosidl_typesupport_fastrtps_c.so\n'}
[12.542573] (ros2_aruco_interfaces) StdoutLine: {'line': b'-- Set runtime path of "/home/cc/ee106a/fa26/class/ee106a-act/ros_workspaces/lab4/install/ros2_aruco_interfaces/lib/libros2_aruco_interfaces__rosidl_typesupport_fastrtps_c.so" to ""\n'}
[12.543634] (ros2_aruco_interfaces) StdoutLine: {'line': b'-- Up-to-date: /home/cc/ee106a/fa26/class/ee106a-act/ros_workspaces/lab4/install/ros2_aruco_interfaces/include/ros2_aruco_interfaces/ros2_aruco_interfaces\n'}
[12.545532] (ros2_aruco_interfaces) StdoutLine: {'line': b'-- Up-to-date: /home/cc/ee106a/fa26/class/ee106a-act/ros_workspaces/lab4/install/ros2_aruco_interfaces/include/ros2_aruco_interfaces/ros2_aruco_interfaces/msg\n'}
[12.547426] (ros2_aruco_interfaces) StdoutLine: {'line': b'-- Up-to-date: /home/cc/ee106a/fa26/class/ee106a-act/ros_workspaces/lab4/install/ros2_aruco_interfaces/include/ros2_aruco_interfaces/ros2_aruco_interfaces/msg/detail\n'}
[12.548177] (-) TimerEvent: {}
[12.549448] (ros2_aruco_interfaces) StdoutLine: {'line': b'-- Installing: /home/cc/ee106a/fa26/class/ee106a-act/ros_workspaces/lab4/install/ros2_aruco_interfaces/include/ros2_aruco_interfaces/ros2_aruco_interfaces/msg/detail/aruco_markers__struct.hpp\n'}
[12.555219] (ros2_aruco_interfaces) StdoutLine: {'line': b'-- Installing: /home/cc/ee106a/fa26/class/ee106a-act/ros_workspaces/lab4/install/ros2_aruco_interfaces/include/ros2_aruco_interfaces/ros2_aruco_interfaces/msg/detail/aruco_markers__type_support.hpp\n'}
[12.561394] (ros2_aruco_interfaces) StdoutLine: {'line': b'-- Installing: /home/cc/ee106a/fa26/class/ee106a-act/ros_workspaces/lab4/install/ros2_aruco_interfaces/include/ros2_aruco_interfaces/ros2_aruco_interfaces/msg/detail/aruco_markers__traits.hpp\n'}
[12.567314] (ros2_aruco_interfaces) StdoutLine: {'line': b'-- Installing: /home/cc/ee106a/fa26/class/ee106a-act/ros_workspaces/lab4/install/ros2_aruco_interfaces/include/ros2_aruco_interfaces/ros2_aruco_interfaces/msg/detail/aruco_markers__builder.hpp\n'}
[12.573568] (ros2_aruco_interfaces) StdoutLine: {'line': b'-- Installing: /home/cc/ee106a/fa26/class/ee106a-act/ros_workspaces/lab4/install/ros2_aruco_interfaces/include/ros2_aruco_interfaces/ros2_aruco_interfaces/msg/rosidl_generator_cpp__visibility_control.hpp\n'}
[12.579303] (ros2_aruco_interfaces) StdoutLine: {'line': b'-- Installing: /home/cc/ee106a/fa26/class/ee106a-act/ros_workspaces/lab4/install/ros2_aruco_interfaces/include/ros2_aruco_interfaces/ros2_aruco_interfaces/msg/aruco_markers.hpp\n'}
[12.585442] (ros2_aruco_interfaces) StdoutLine: {'line': b'-- Up-to-date: /home/cc/ee106a/fa26/class/ee106a-act/ros_workspaces/lab4/install/ros2_aruco_interfaces/include/ros2_aruco_interfaces/ros2_aruco_interfaces\n'}
[12.587452] (ros2_aruco_interfaces) StdoutLine: {'line': b'-- Up-to-date: /home/cc/ee106a/fa26/class/ee106a-act/ros_workspaces/lab4/install/ros2_aruco_interfaces/include/ros2_aruco_interfaces/ros2_aruco_interfaces/msg\n'}
[12.589265] (ros2_aruco_interfaces) StdoutLine: {'line': b'-- Installing: /home/cc/ee106a/fa26/class/ee106a-act/ros_workspaces/lab4/install/ros2_aruco_interfaces/include/ros2_aruco_interfaces/ros2_aruco_interfaces/msg/rosidl_typesupport_fastrtps_cpp__visibility_control.h\n'}
[12.595068] (ros2_aruco_interfaces) StdoutLine: {'line': b'-- Up-to-date: /home/cc/ee106a/fa26/class/ee106a-act/ros_workspaces/lab4/install/ros2_aruco_interfaces/include/ros2_aruco_interfaces/ros2_aruco_interfaces/msg/detail\n'}
[12.596910] (ros2_aruco_interfaces) StdoutLine: {'line': b'-- Installing: /home/cc/ee106a/fa26/class/ee106a-act/ros_workspaces/lab4/install/ros2_aruco_interfaces/include/ros2_aruco_interfaces/ros2_aruco_interfaces/msg/detail/dds_fastrtps\n'}
[12.602981] (ros2_aruco_interfaces) StdoutLine: {'line': b'-- Installing: /home/cc/ee106a/fa26/class/ee106a-act/ros_workspaces/lab4/install/ros2_aruco_interfaces/include/ros2_aruco_interfaces/ros2_aruco_interfaces/msg/detail/aruco_markers__rosidl_typesupport_fastrtps_cpp.hpp\n'}
[12.609375] (ros2_aruco_interfaces) StdoutLine: {'line': b'-- Installing: /home/cc/ee106a/fa26/class/ee106a-act/ros_workspaces/lab4/install/ros2_aruco_interfaces/lib/libros2_aruco_interfaces__rosidl_typesupport_fastrtps_cpp.so\n'}
[12.618268] (ros2_aruco_interfaces) StdoutLine: {'line': b'-- Set runtime path of "/home/cc/ee106a/fa26/class/ee106a-act/ros_workspaces/lab4/install/ros2_aruco_interfaces/lib/libros2_aruco_interfaces__rosidl_typesupport_fastrtps_cpp.so" to ""\n'}
[12.619040] (ros2_aruco_interfaces) StdoutLine: {'line': b'-- Up-to-date: /home/cc/ee106a/fa26/class/ee106a-act/ros_workspaces/lab4/install/ros2_aruco_interfaces/include/ros2_aruco_interfaces/ros2_aruco_interfaces\n'}
[12.621225] (ros2_aruco_interfaces) StdoutLine: {'line': b'-- Up-to-date: /home/cc/ee106a/fa26/class/ee106a-act/ros_workspaces/lab4/install/ros2_aruco_interfaces/include/ros2_aruco_interfaces/ros2_aruco_interfaces/msg\n'}
[12.623343] (ros2_aruco_interfaces) StdoutLine: {'line': b'-- Up-to-date: /home/cc/ee106a/fa26/class/ee106a-act/ros_workspaces/lab4/install/ros2_aruco_interfaces/include/ros2_aruco_interfaces/ros2_aruco_interfaces/msg/detail\n'}
[12.625165] (ros2_aruco_interfaces) StdoutLine: {'line': b'-- Installing: /home/cc/ee106a/fa26/class/ee106a-act/ros_workspaces/lab4/install/ros2_aruco_interfaces/include/ros2_aruco_interfaces/ros2_aruco_interfaces/msg/detail/aruco_markers__rosidl_typesupport_introspection_c.h\n'}
[12.631405] (ros2_aruco_interfaces) StdoutLine: {'line': b'-- Installing: /home/cc/ee106a/fa26/class/ee106a-act/ros_workspaces/lab4/install/ros2_aruco_interfaces/include/ros2_aruco_interfaces/ros2_aruco_interfaces/msg/detail/aruco_markers__type_support.c\n'}
[12.637499] (ros2_aruco_interfaces) StdoutLine: {'line': b'-- Installing: /home/cc/ee106a/fa26/class/ee106a-act/ros_workspaces/lab4/install/ros2_aruco_interfaces/include/ros2_aruco_interfaces/ros2_aruco_interfaces/msg/rosidl_typesupport_introspection_c__visibility_control.h\n'}
[12.643744] (ros2_aruco_interfaces) StdoutLine: {'line': b'-- Installing: /home/cc/ee106a/fa26/class/ee106a-act/ros_workspaces/lab4/install/ros2_aruco_interfaces/lib/libros2_aruco_interfaces__rosidl_typesupport_introspection_c.so\n'}
[12.648249] (-) TimerEvent: {}
[12.652790] (ros2_aruco_interfaces) StdoutLine: {'line': b'-- Set runtime path of "/home/cc/ee106a/fa26/class/ee106a-act/ros_workspaces/lab4/install/ros2_aruco_interfaces/lib/libros2_aruco_interfaces__rosidl_typesupport_introspection_c.so" to ""\n'}
[12.654109] (ros2_aruco_interfaces) StdoutLine: {'line': b'-- Installing: /home/cc/ee106a/fa26/class/ee106a-act/ros_workspaces/lab4/install/ros2_aruco_interfaces/lib/libros2_aruco_interfaces__rosidl_typesupport_c.so\n'}
[12.661558] (ros2_aruco_interfaces) StdoutLine: {'line': b'-- Set runtime path of "/home/cc/ee106a/fa26/class/ee106a-act/ros_workspaces/lab4/install/ros2_aruco_interfaces/lib/libros2_aruco_interfaces__rosidl_typesupport_c.so" to ""\n'}
[12.662778] (ros2_aruco_interfaces) StdoutLine: {'line': b'-- Up-to-date: /home/cc/ee106a/fa26/class/ee106a-act/ros_workspaces/lab4/install/ros2_aruco_interfaces/include/ros2_aruco_interfaces/ros2_aruco_interfaces\n'}
[12.664591] (ros2_aruco_interfaces) StdoutLine: {'line': b'-- Up-to-date: /home/cc/ee106a/fa26/class/ee106a-act/ros_workspaces/lab4/install/ros2_aruco_interfaces/include/ros2_aruco_interfaces/ros2_aruco_interfaces/msg\n'}
[12.666463] (ros2_aruco_interfaces) StdoutLine: {'line': b'-- Up-to-date: /home/cc/ee106a/fa26/class/ee106a-act/ros_workspaces/lab4/install/ros2_aruco_interfaces/include/ros2_aruco_interfaces/ros2_aruco_interfaces/msg/detail\n'}
[12.668435] (ros2_aruco_interfaces) StdoutLine: {'line': b'-- Installing: /home/cc/ee106a/fa26/class/ee106a-act/ros_workspaces/lab4/install/ros2_aruco_interfaces/include/ros2_aruco_interfaces/ros2_aruco_interfaces/msg/detail/aruco_markers__type_support.cpp\n'}
[12.674171] (ros2_aruco_interfaces) StdoutLine: {'line': b'-- Installing: /home/cc/ee106a/fa26/class/ee106a-act/ros_workspaces/lab4/install/ros2_aruco_interfaces/include/ros2_aruco_interfaces/ros2_aruco_interfaces/msg/detail/aruco_markers__rosidl_typesupport_introspection_cpp.hpp\n'}
[12.680314] (ros2_aruco_interfaces) StdoutLine: {'line': b'-- Installing: /home/cc/ee106a/fa26/class/ee106a-act/ros_workspaces/lab4/install/ros2_aruco_interfaces/lib/libros2_aruco_interfaces__rosidl_typesupport_introspection_cpp.so\n'}
[12.689084] (ros2_aruco_interfaces) StdoutLine: {'line': b'-- Set runtime path of "/home/cc/ee106a/fa26/class/ee106a-act/ros_workspaces/lab4/install/ros2_aruco_interfaces/lib/libros2_aruco_interfaces__rosidl_typesupport_introspection_cpp.so" to ""\n'}
[12.690651] (ros2_aruco_interfaces) StdoutLine: {'line': b'-- Installing: /home/cc/ee106a/fa26/class/ee106a-act/ros_workspaces/lab4/install/ros2_aruco_interfaces/lib/libros2_aruco_interfaces__rosidl_typesupport_cpp.so\n'}
[12.698465] (ros2_aruco_interfaces) StdoutLine: {'line': b'-- Set runtime path of "/home/cc/ee106a/fa26/class/ee106a-act/ros_workspaces/lab4/install/ros2_aruco_interfaces/lib/libros2_aruco_interfaces__rosidl_typesupport_cpp.so" to ""\n'}
[12.699511] (ros2_aruco_interfaces) StdoutLine: {'line': b'-- Installing: /home/cc/ee106a/fa26/class/ee106a-act/ros_workspaces/lab4/install/ros2_aruco_interfaces/share/ros2_aruco_interfaces/environment/pythonpath.sh\n'}
[12.705988] (ros2_aruco_interfaces) StdoutLine: {'line': b'-- Installing: /home/cc/ee106a/fa26/class/ee106a-act/ros_workspaces/lab4/install/ros2_aruco_interfaces/share/ros2_aruco_interfaces/environment/pythonpath.dsv\n'}
[12.712001] (ros2_aruco_interfaces) StdoutLine: {'line': b'-- Installing: /home/cc/ee106a/fa26/class/ee106a-act/ros_workspaces/lab4/install/ros2_aruco_interfaces/local/lib/python3.10/dist-packages/ros2_aruco_interfaces-0.1.0-py3.10.egg-info\n'}
[12.721314] (ros2_aruco_interfaces) StdoutLine: {'line': b'-- Installing: /home/cc/ee106a/fa26/class/ee106a-act/ros_workspaces/lab4/install/ros2_aruco_interfaces/local/lib/python3.10/dist-packages/ros2_aruco_interfaces-0.1.0-py3.10.egg-info/dependency_links.txt\n'}
[12.726759] (ros2_aruco_interfaces) StdoutLine: {'line': b'-- Installing: /home/cc/ee106a/fa26/class/ee106a-act/ros_workspaces/lab4/install/ros2_aruco_interfaces/local/lib/python3.10/dist-packages/ros2_aruco_interfaces-0.1.0-py3.10.egg-info/top_level.txt\n'}
[12.732626] (ros2_aruco_interfaces) StdoutLine: {'line': b'-- Installing: /home/cc/ee106a/fa26/class/ee106a-act/ros_workspaces/lab4/install/ros2_aruco_interfaces/local/lib/python3.10/dist-packages/ros2_aruco_interfaces-0.1.0-py3.10.egg-info/PKG-INFO\n'}
[12.738834] (ros2_aruco_interfaces) StdoutLine: {'line': b'-- Installing: /home/cc/ee106a/fa26/class/ee106a-act/ros_workspaces/lab4/install/ros2_aruco_interfaces/local/lib/python3.10/dist-packages/ros2_aruco_interfaces-0.1.0-py3.10.egg-info/SOURCES.txt\n'}
[12.744913] (ros2_aruco_interfaces) StdoutLine: {'line': b'-- Installing: /home/cc/ee106a/fa26/class/ee106a-act/ros_workspaces/lab4/install/ros2_aruco_interfaces/local/lib/python3.10/dist-packages/ros2_aruco_interfaces\n'}
[12.748340] (-) TimerEvent: {}
[12.751165] (ros2_aruco_interfaces) StdoutLine: {'line': b'-- Installing: /home/cc/ee106a/fa26/class/ee106a-act/ros_workspaces/lab4/install/ros2_aruco_interfaces/local/lib/python3.10/dist-packages/ros2_aruco_interfaces/_ros2_aruco_interfaces_s.ep.rosidl_typesupport_c.c\n'}
[12.757553] (ros2_aruco_interfaces) StdoutLine: {'line': b'-- Installing: /home/cc/ee106a/fa26/class/ee106a-act/ros_workspaces/lab4/install/ros2_aruco_interfaces/local/lib/python3.10/dist-packages/ros2_aruco_interfaces/msg\n'}
[12.763490] (ros2_aruco_interfaces) StdoutLine: {'line': b'-- Installing: /home/cc/ee106a/fa26/class/ee106a-act/ros_workspaces/lab4/install/ros2_aruco_interfaces/local/lib/python3.10/dist-packages/ros2_aruco_interfaces/msg/__init__.py\n'}
[12.769442] (ros2_aruco_interfaces) StdoutLine: {'line': b'-- Installing: /home/cc/ee106a/fa26/class/ee106a-act/ros_workspaces/lab4/install/ros2_aruco_interfaces/local/lib/python3.10/dist-packages/ros2_aruco_interfaces/msg/_aruco_markers_s.c\n'}
[12.775634] (ros2_aruco_interfaces) StdoutLine: {'line': b'-- Installing: /home/cc/ee106a/fa26/class/ee106a-act/ros_workspaces/lab4/install/ros2_aruco_interfaces/local/lib/python3.10/dist-packages/ros2_aruco_interfaces/msg/_aruco_markers.py\n'}
[12.781846] (ros2_aruco_interfaces) StdoutLine: {'line': b'-- Installing: /home/cc/ee106a/fa26/class/ee106a-act/ros_workspaces/lab4/install/ros2_aruco_interfaces/local/lib/python3.10/dist-packages/ros2_aruco_interfaces/__init__.py\n'}
[12.787539] (ros2_aruco_interfaces) StdoutLine: {'line': b'-- Installing: /home/cc/ee106a/fa26/class/ee106a-act/ros_workspaces/lab4/install/ros2_aruco_interfaces/local/lib/python3.10/dist-packages/ros2_aruco_interfaces/_ros2_aruco_interfaces_s.ep.rosidl_typesupport_introspection_c.c\n'}
[12.793897] (ros2_aruco_interfaces) StdoutLine: {'line': b'-- Installing: /home/cc/ee106a/fa26/class/ee106a-act/ros_workspaces/lab4/install/ros2_aruco_interfaces/local/lib/python3.10/dist-packages/ros2_aruco_interfaces/ros2_aruco_interfaces_s__rosidl_typesupport_introspection_c.cpython-310-x86_64-linux-gnu.so\n'}
[12.800118] (ros2_aruco_interfaces) StdoutLine: {'line': b'-- Installing: /home/cc/ee106a/fa26/class/ee106a-act/ros_workspaces/lab4/install/ros2_aruco_interfaces/local/lib/python3.10/dist-packages/ros2_aruco_interfaces/_ros2_aruco_interfaces_s.ep.rosidl_typesupport_fastrtps_c.c\n'}
[12.806317] (ros2_aruco_interfaces) StdoutLine: {'line': b'-- Installing: /home/cc/ee106a/fa26/class/ee106a-act/ros_workspaces/lab4/install/ros2_aruco_interfaces/local/lib/python3.10/dist-packages/ros2_aruco_interfaces/ros2_aruco_interfaces_s__rosidl_typesupport_c.cpython-310-x86_64-linux-gnu.so\n'}
[12.813262] (ros2_aruco_interfaces) StdoutLine: {'line': b'-- Installing: /home/cc/ee106a/fa26/class/ee106a-act/ros_workspaces/lab4/install/ros2_aruco_interfaces/local/lib/python3.10/dist-packages/ros2_aruco_interfaces/ros2_aruco_interfaces_s__rosidl_typesupport_fastrtps_c.cpython-310-x86_64-linux-gnu.so\n'}
[12.819810] (ros2_aruco_interfaces) StdoutLine: {'line': b'-- Installing: /home/cc/ee106a/fa26/class/ee106a-act/ros_workspaces/lab4/install/ros2_aruco_interfaces/local/lib/python3.10/dist-packages/ros2_aruco_interfaces/libros2_aruco_interfaces__rosidl_generator_py.so\n'}
[12.848432] (-) TimerEvent: {}
[12.891742] (ros2_aruco_interfaces) StdoutLine: {'line': b"Listing '/home/cc/ee106a/fa26/class/ee106a-act/ros_workspaces/lab4/install/ros2_aruco_interfaces/local/lib/python3.10/dist-packages/ros2_aruco_interfaces'...\n"}
[12.891860] (ros2_aruco_interfaces) StdoutLine: {'line': b"Compiling '/home/cc/ee106a/fa26/class/ee106a-act/ros_workspaces/lab4/install/ros2_aruco_interfaces/local/lib/python3.10/dist-packages/ros2_aruco_interfaces/__init__.py'...\n"}
[12.891917] (ros2_aruco_interfaces) StdoutLine: {'line': b"Listing '/home/cc/ee106a/fa26/class/ee106a-act/ros_workspaces/lab4/install/ros2_aruco_interfaces/local/lib/python3.10/dist-packages/ros2_aruco_interfaces/msg'...\n"}
[12.891975] (ros2_aruco_interfaces) StdoutLine: {'line': b"Compiling '/home/cc/ee106a/fa26/class/ee106a-act/ros_workspaces/lab4/install/ros2_aruco_interfaces/local/lib/python3.10/dist-packages/ros2_aruco_interfaces/msg/__init__.py'...\n"}
[12.892026] (ros2_aruco_interfaces) StdoutLine: {'line': b"Compiling '/home/cc/ee106a/fa26/class/ee106a-act/ros_workspaces/lab4/install/ros2_aruco_interfaces/local/lib/python3.10/dist-packages/ros2_aruco_interfaces/msg/_aruco_markers.py'...\n"}
[12.896929] (ros2_aruco_interfaces) StdoutLine: {'line': b'-- Installing: /home/cc/ee106a/fa26/class/ee106a-act/ros_workspaces/lab4/install/ros2_aruco_interfaces/local/lib/python3.10/dist-packages/ros2_aruco_interfaces/ros2_aruco_interfaces_s__rosidl_typesupport_fastrtps_c.cpython-310-x86_64-linux-gnu.so\n'}
[12.904663] (ros2_aruco_interfaces) StdoutLine: {'line': b'-- Set runtime path of "/home/cc/ee106a/fa26/class/ee106a-act/ros_workspaces/lab4/install/ros2_aruco_interfaces/local/lib/python3.10/dist-packages/ros2_aruco_interfaces/ros2_aruco_interfaces_s__rosidl_typesupport_fastrtps_c.cpython-310-x86_64-linux-gnu.so" to ""\n'}
[12.907640] (ros2_aruco_interfaces) StdoutLine: {'line': b'-- Installing: /home/cc/ee106a/fa26/class/ee106a-act/ros_workspaces/lab4/install/ros2_aruco_interfaces/local/lib/python3.10/dist-packages/ros2_aruco_interfaces/ros2_aruco_interfaces_s__rosidl_typesupport_introspection_c.cpython-310-x86_64-linux-gnu.so\n'}
[12.915502] (ros2_aruco_interfaces) StdoutLine: {'line': b'-- Set runtime path of "/home/cc/ee106a/fa26/class/ee106a-act/ros_workspaces/lab4/install/ros2_aruco_interfaces/local/lib/python3.10/dist-packages/ros2_aruco_interfaces/ros2_aruco_interfaces_s__rosidl_typesupport_introspection_c.cpython-310-x86_64-linux-gnu.so" to ""\n'}
[12.918592] (ros2_aruco_interfaces) StdoutLine: {'line': b'-- Installing: /home/cc/ee106a/fa26/class/ee106a-act/ros_workspaces/lab4/install/ros2_aruco_interfaces/local/lib/python3.10/dist-packages/ros2_aruco_interfaces/ros2_aruco_interfaces_s__rosidl_typesupport_c.cpython-310-x86_64-linux-gnu.so\n'}
[12.926691] (ros2_aruco_interfaces) StdoutLine: {'line': b'-- Set runtime path of "/home/cc/ee106a/fa26/class/ee106a-act/ros_workspaces/lab4/install/ros2_aruco_interfaces/local/lib/python3.10/dist-packages/ros2_aruco_interfaces/ros2_aruco_interfaces_s__rosidl_typesupport_c.cpython-310-x86_64-linux-gnu.so" to ""\n'}
[12.927995] (ros2_aruco_interfaces) StdoutLine: {'line': b'-- Installing: /home/cc/ee106a/fa26/class/ee106a-act/ros_workspaces/lab4/install/ros2_aruco_interfaces/lib/libros2_aruco_interfaces__rosidl_generator_py.so\n'}
[12.936052] (ros2_aruco_interfaces) StdoutLine: {'line': b'-- Set runtime path of "/home/cc/ee106a/fa26/class/ee106a-act/ros_workspaces/lab4/install/ros2_aruco_interfaces/lib/libros2_aruco_interfaces__rosidl_generator_py.so" to ""\n'}
[12.941414] (ros2_aruco_interfaces) StdoutLine: {'line': b'-- Installing: /home/cc/ee106a/fa26/class/ee106a-act/ros_workspaces/lab4/install/ros2_aruco_interfaces/share/ament_index/resource_index/rust_packages/ros2_aruco_interfaces\n'}
[12.947160] (ros2_aruco_interfaces) StdoutLine: {'line': b'-- Installing: /home/cc/ee106a/fa26/class/ee106a-act/ros_workspaces/lab4/install/ros2_aruco_interfaces/share/ros2_aruco_interfaces/rust\n'}
[12.948510] (-) TimerEvent: {}
[12.952851] (ros2_aruco_interfaces) StdoutLine: {'line': b'-- Installing: /home/cc/ee106a/fa26/class/ee106a-act/ros_workspaces/lab4/install/ros2_aruco_interfaces/share/ros2_aruco_interfaces/rust/src\n'}
[12.958818] (ros2_aruco_interfaces) StdoutLine: {'line': b'-- Installing: /home/cc/ee106a/fa26/class/ee106a-act/ros_workspaces/lab4/install/ros2_aruco_interfaces/share/ros2_aruco_interfaces/rust/src/msg\n'}
[12.965079] (ros2_aruco_interfaces) StdoutLine: {'line': b'-- Installing: /home/cc/ee106a/fa26/class/ee106a-act/ros_workspaces/lab4/install/ros2_aruco_interfaces/share/ros2_aruco_interfaces/rust/src/msg/rmw.rs\n'}
[12.971141] (ros2_aruco_interfaces) StdoutLine: {'line': b'-- Installing: /home/cc/ee106a/fa26/class/ee106a-act/ros_workspaces/lab4/install/ros2_aruco_interfaces/share/ros2_aruco_interfaces/rust/src/msg.rs\n'}
[12.977348] (ros2_aruco_interfaces) StdoutLine: {'line': b'-- Installing: /home/cc/ee106a/fa26/class/ee106a-act/ros_workspaces/lab4/install/ros2_aruco_interfaces/share/ros2_aruco_interfaces/rust/src/lib.rs\n'}
[12.983719] (ros2_aruco_interfaces) StdoutLine: {'line': b'-- Installing: /home/cc/ee106a/fa26/class/ee106a-act/ros_workspaces/lab4/install/ros2_aruco_interfaces/share/ros2_aruco_interfaces/rust/build.rs\n'}
[12.989801] (ros2_aruco_interfaces) StdoutLine: {'line': b'-- Installing: /home/cc/ee106a/fa26/class/ee106a-act/ros_workspaces/lab4/install/ros2_aruco_interfaces/share/ros2_aruco_interfaces/rust/Cargo.toml\n'}
[13.001116] (ros2_aruco_interfaces) StdoutLine: {'line': b'-- Installing: /home/cc/ee106a/fa26/class/ee106a-act/ros_workspaces/lab4/install/ros2_aruco_interfaces/share/ros2_aruco_interfaces/msg/ArucoMarkers.idl\n'}
[13.007163] (ros2_aruco_interfaces) StdoutLine: {'line': b'-- Installing: /home/cc/ee106a/fa26/class/ee106a-act/ros_workspaces/lab4/install/ros2_aruco_interfaces/share/ros2_aruco_interfaces/msg/ArucoMarkers.msg\n'}
[13.017060] (ros2_aruco_interfaces) StdoutLine: {'line': b'-- Installing: /home/cc/ee106a/fa26/class/ee106a-act/ros_workspaces/lab4/install/ros2_aruco_interfaces/share/ament_index/resource_index/package_run_dependencies/ros2_aruco_interfaces\n'}
[13.026862] (ros2_aruco_interfaces) StdoutLine: {'line': b'-- Installing: /home/cc/ee106a/fa26/class/ee106a-act/ros_workspaces/lab4/install/ros2_aruco_interfaces/share/ament_index/resource_index/parent_prefix_path/ros2_aruco_interfaces\n'}
[13.033390] (ros2_aruco_interfaces) StdoutLine: {'line': b'-- Installing: /home/cc/ee106a/fa26/class/ee106a-act/ros_workspaces/lab4/install/ros2_aruco_interfaces/share/ros2_aruco_interfaces/environment/ament_prefix_path.sh\n'}
[13.042296] (ros2_aruco_interfaces) StdoutLine: {'line': b'-- Installing: /home/cc/ee106a/fa26/class/ee106a-act/ros_workspaces/lab4/install/ros2_aruco_interfaces/share/ros2_aruco_interfaces/environment/ament_prefix_path.dsv\n'}
[13.048218] (ros2_aruco_interfaces) StdoutLine: {'line': b'-- Installing: /home/cc/ee106a/fa26/class/ee106a-act/ros_workspaces/lab4/install/ros2_aruco_interfaces/share/ros2_aruco_interfaces/environment/path.sh\n'}
[13.048567] (-) TimerEvent: {}
[13.057560] (ros2_aruco_interfaces) StdoutLine: {'line': b'-- Installing: /home/cc/ee106a/fa26/class/ee106a-act/ros_workspaces/lab4/install/ros2_aruco_interfaces/share/ros2_aruco_interfaces/environment/path.dsv\n'}
[13.064407] (ros2_aruco_interfaces) StdoutLine: {'line': b'-- Installing: /home/cc/ee106a/fa26/class/ee106a-act/ros_workspaces/lab4/install/ros2_aruco_interfaces/share/ros2_aruco_interfaces/local_setup.bash\n'}
[13.070049] (ros2_aruco_interfaces) StdoutLine: {'line': b'-- Installing: /home/cc/ee106a/fa26/class/ee106a-act/ros_workspaces/lab4/install/ros2_aruco_interfaces/share/ros2_aruco_interfaces/local_setup.sh\n'}
[13.076049] (ros2_aruco_interfaces) StdoutLine: {'line': b'-- Installing: /home/cc/ee106a/fa26/class/ee106a-act/ros_workspaces/lab4/install/ros2_aruco_interfaces/share/ros2_aruco_interfaces/local_setup.zsh\n'}
[13.081626] (ros2_aruco_interfaces) StdoutLine: {'line': b'-- Installing: /home/cc/ee106a/fa26/class/ee106a-act/ros_workspaces/lab4/install/ros2_aruco_interfaces/share/ros2_aruco_interfaces/local_setup.dsv\n'}
[13.087430] (ros2_aruco_interfaces) StdoutLine: {'line': b'-- Installing: /home/cc/ee106a/fa26/class/ee106a-act/ros_workspaces/lab4/install/ros2_aruco_interfaces/share/ros2_aruco_interfaces/package.dsv\n'}
[13.097149] (ros2_aruco_interfaces) StdoutLine: {'line': b'-- Installing: /home/cc/ee106a/fa26/class/ee106a-act/ros_workspaces/lab4/install/ros2_aruco_interfaces/share/ament_index/resource_index/packages/ros2_aruco_interfaces\n'}
[13.106115] (ros2_aruco_interfaces) StdoutLine: {'line': b'-- Installing: /home/cc/ee106a/fa26/class/ee106a-act/ros_workspaces/lab4/install/ros2_aruco_interfaces/share/ros2_aruco_interfaces/cmake/export_ros2_aruco_interfaces__rosidl_generator_cExport.cmake\n'}
[13.113209] (ros2_aruco_interfaces) StdoutLine: {'line': b'-- Installing: /home/cc/ee106a/fa26/class/ee106a-act/ros_workspaces/lab4/install/ros2_aruco_interfaces/share/ros2_aruco_interfaces/cmake/export_ros2_aruco_interfaces__rosidl_generator_cExport-noconfig.cmake\n'}
[13.119712] (ros2_aruco_interfaces) StdoutLine: {'line': b'-- Installing: /home/cc/ee106a/fa26/class/ee106a-act/ros_workspaces/lab4/install/ros2_aruco_interfaces/share/ros2_aruco_interfaces/cmake/export_ros2_aruco_interfaces__rosidl_typesupport_fastrtps_cExport.cmake\n'}
[13.126101] (ros2_aruco_interfaces) StdoutLine: {'line': b'-- Installing: /home/cc/ee106a/fa26/class/ee106a-act/ros_workspaces/lab4/install/ros2_aruco_interfaces/share/ros2_aruco_interfaces/cmake/export_ros2_aruco_interfaces__rosidl_typesupport_fastrtps_cExport-noconfig.cmake\n'}
[13.132221] (ros2_aruco_interfaces) StdoutLine: {'line': b'-- Installing: /home/cc/ee106a/fa26/class/ee106a-act/ros_workspaces/lab4/install/ros2_aruco_interfaces/share/ros2_aruco_interfaces/cmake/export_ros2_aruco_interfaces__rosidl_generator_cppExport.cmake\n'}
[13.138283] (ros2_aruco_interfaces) StdoutLine: {'line': b'-- Installing: /home/cc/ee106a/fa26/class/ee106a-act/ros_workspaces/lab4/install/ros2_aruco_interfaces/share/ros2_aruco_interfaces/cmake/export_ros2_aruco_interfaces__rosidl_typesupport_fastrtps_cppExport.cmake\n'}
[13.144662] (ros2_aruco_interfaces) StdoutLine: {'line': b'-- Installing: /home/cc/ee106a/fa26/class/ee106a-act/ros_workspaces/lab4/install/ros2_aruco_interfaces/share/ros2_aruco_interfaces/cmake/export_ros2_aruco_interfaces__rosidl_typesupport_fastrtps_cppExport-noconfig.cmake\n'}
[13.148697] (-) TimerEvent: {}
[13.151046] (ros2_aruco_interfaces) StdoutLine: {'line': b'-- Installing: /home/cc/ee106a/fa26/class/ee106a-act/ros_workspaces/lab4/install/ros2_aruco_interfaces/share/ros2_aruco_interfaces/cmake/ros2_aruco_interfaces__rosidl_typesupport_introspection_cExport.cmake\n'}
[13.157251] (ros2_aruco_interfaces) StdoutLine: {'line': b'-- Installing: /home/cc/ee106a/fa26/class/ee106a-act/ros_workspaces/lab4/install/ros2_aruco_interfaces/share/ros2_aruco_interfaces/cmake/ros2_aruco_interfaces__rosidl_typesupport_introspection_cExport-noconfig.cmake\n'}
[13.163395] (ros2_aruco_interfaces) StdoutLine: {'line': b'-- Installing: /home/cc/ee106a/fa26/class/ee106a-act/ros_workspaces/lab4/install/ros2_aruco_interfaces/share/ros2_aruco_interfaces/cmake/ros2_aruco_interfaces__rosidl_typesupport_cExport.cmake\n'}
[13.169746] (ros2_aruco_interfaces) StdoutLine: {'line': b'-- Installing: /home/cc/ee106a/fa26/class/ee106a-act/ros_workspaces/lab4/install/ros2_aruco_interfaces/share/ros2_aruco_interfaces/cmake/ros2_aruco_interfaces__rosidl_typesupport_cExport-noconfig.cmake\n'}
[13.176075] (ros2_aruco_interfaces) StdoutLine: {'line': b'-- Installing: /home/cc/ee106a/fa26/class/ee106a-act/ros_workspaces/lab4/install/ros2_aruco_interfaces/share/ros2_aruco_interfaces/cmake/ros2_aruco_interfaces__rosidl_typesupport_introspection_cppExport.cmake\n'}
[13.182410] (ros2_aruco_interfaces) StdoutLine: {'line': b'-- Installing: /home/cc/ee106a/fa26/class/ee106a-act/ros_workspaces/lab4/install/ros2_aruco_interfaces/share/ros2_aruco_interfaces/cmake/ros2_aruco_interfaces__rosidl_typesupport_introspection_cppExport-noconfig.cmake\n'}
[13.188822] (ros2_aruco_interfaces) StdoutLine: {'line': b'-- Installing: /home/cc/ee106a/fa26/class/ee106a-act/ros_workspaces/lab4/install/ros2_aruco_interfaces/share/ros2_aruco_interfaces/cmake/ros2_aruco_interfaces__rosidl_typesupport_cppExport.cmake\n'}
[13.195059] (ros2_aruco_interfaces) StdoutLine: {'line': b'-- Installing: /home/cc/ee106a/fa26/class/ee106a-act/ros_workspaces/lab4/install/ros2_aruco_interfaces/share/ros2_aruco_interfaces/cmake/ros2_aruco_interfaces__rosidl_typesupport_cppExport-noconfig.cmake\n'}
[13.201355] (ros2_aruco_interfaces) StdoutLine: {'line': b'-- Installing: /home/cc/ee106a/fa26/class/ee106a-act/ros_workspaces/lab4/install/ros2_aruco_interfaces/share/ros2_aruco_interfaces/cmake/export_ros2_aruco_interfaces__rosidl_generator_pyExport.cmake\n'}
[13.207867] (ros2_aruco_interfaces) StdoutLine: {'line': b'-- Installing: /home/cc/ee106a/fa26/class/ee106a-act/ros_workspaces/lab4/install/ros2_aruco_interfaces/share/ros2_aruco_interfaces/cmake/export_ros2_aruco_interfaces__rosidl_generator_pyExport-noconfig.cmake\n'}
[13.213791] (ros2_aruco_interfaces) StdoutLine: {'line': b'-- Installing: /home/cc/ee106a/fa26/class/ee106a-act/ros_workspaces/lab4/install/ros2_aruco_interfaces/share/ros2_aruco_interfaces/cmake/rosidl_cmake-extras.cmake\n'}
[13.219671] (ros2_aruco_interfaces) StdoutLine: {'line': b'-- Installing: /home/cc/ee106a/fa26/class/ee106a-act/ros_workspaces/lab4/install/ros2_aruco_interfaces/share/ros2_aruco_interfaces/cmake/ament_cmake_export_dependencies-extras.cmake\n'}
[13.225653] (ros2_aruco_interfaces) StdoutLine: {'line': b'-- Installing: /home/cc/ee106a/fa26/class/ee106a-act/ros_workspaces/lab4/install/ros2_aruco_interfaces/share/ros2_aruco_interfaces/cmake/ament_cmake_export_include_directories-extras.cmake\n'}
[13.231558] (ros2_aruco_interfaces) StdoutLine: {'line': b'-- Installing: /home/cc/ee106a/fa26/class/ee106a-act/ros_workspaces/lab4/install/ros2_aruco_interfaces/share/ros2_aruco_interfaces/cmake/ament_cmake_export_libraries-extras.cmake\n'}
[13.237641] (ros2_aruco_interfaces) StdoutLine: {'line': b'-- Installing: /home/cc/ee106a/fa26/class/ee106a-act/ros_workspaces/lab4/install/ros2_aruco_interfaces/share/ros2_aruco_interfaces/cmake/ament_cmake_export_targets-extras.cmake\n'}
[13.243700] (ros2_aruco_interfaces) StdoutLine: {'line': b'-- Installing: /home/cc/ee106a/fa26/class/ee106a-act/ros_workspaces/lab4/install/ros2_aruco_interfaces/share/ros2_aruco_interfaces/cmake/rosidl_cmake_export_typesupport_targets-extras.cmake\n'}
[13.248863] (-) TimerEvent: {}
[13.250098] (ros2_aruco_interfaces) StdoutLine: {'line': b'-- Installing: /home/cc/ee106a/fa26/class/ee106a-act/ros_workspaces/lab4/install/ros2_aruco_interfaces/share/ros2_aruco_interfaces/cmake/rosidl_cmake_export_typesupport_libraries-extras.cmake\n'}
[13.255886] (ros2_aruco_interfaces) StdoutLine: {'line': b'-- Installing: /home/cc/ee106a/fa26/class/ee106a-act/ros_workspaces/lab4/install/ros2_aruco_interfaces/share/ros2_aruco_interfaces/cmake/rosidl_cmake_aggregate_target-extras.cmake\n'}
[13.261762] (ros2_aruco_interfaces) StdoutLine: {'line': b'-- Installing: /home/cc/ee106a/fa26/class/ee106a-act/ros_workspaces/lab4/install/ros2_aruco_interfaces/share/ros2_aruco_interfaces/cmake/ros2_aruco_interfacesConfig.cmake\n'}
[13.267518] (ros2_aruco_interfaces) StdoutLine: {'line': b'-- Installing: /home/cc/ee106a/fa26/class/ee106a-act/ros_workspaces/lab4/install/ros2_aruco_interfaces/share/ros2_aruco_interfaces/cmake/ros2_aruco_interfacesConfig-version.cmake\n'}
[13.274020] (ros2_aruco_interfaces) StdoutLine: {'line': b'-- Installing: /home/cc/ee106a/fa26/class/ee106a-act/ros_workspaces/lab4/install/ros2_aruco_interfaces/share/ros2_aruco_interfaces/package.xml\n'}
[13.284447] (ros2_aruco_interfaces) CommandEnded: {'returncode': 0}
[13.348975] (-) TimerEvent: {}
[13.382831] (ros2_aruco_interfaces) JobEnded: {'identifier': 'ros2_aruco_interfaces', 'rc': 0}
[13.449054] (-) TimerEvent: {}
[13.549238] (-) TimerEvent: {}
[13.649441] (-) TimerEvent: {}
[13.749655] (-) TimerEvent: {}
[13.849965] (-) TimerEvent: {}
[13.950219] (-) TimerEvent: {}
[14.050494] (-) TimerEvent: {}
[14.110680] (usb_cam) StdoutLine: {'line': b'[100%] \x1b[32m\x1b[1mLinking CXX shared library libusb_cam_node.so\x1b[0m\n'}
[14.150700] (-) TimerEvent: {}
[14.251060] (-) TimerEvent: {}
[14.351305] (-) TimerEvent: {}
[14.451545] (-) TimerEvent: {}
[14.551803] (-) TimerEvent: {}
[14.580261] (usb_cam) StdoutLine: {'line': b'[100%] Built target usb_cam_node\n'}
[14.633883] (usb_cam) CommandEnded: {'returncode': 0}
[14.635819] (usb_cam) JobProgress: {'identifier': 'usb_cam', 'progress': 'install'}
[14.636797] (usb_cam) Command: {'cmd': ['/usr/bin/cmake', '--install', '/home/cc/ee106a/fa26/class/ee106a-act/ros_workspaces/lab4/build/usb_cam'], 'cwd': '/home/cc/ee106a/fa26/class/ee106a-act/ros_workspaces/lab4/build/usb_cam', 'env': OrderedDict([('ARCH', 'x86_64'), ('QT_SCALE_FACTOR', '1'), ('USER', 'ee106a-act'), ('HOSTNAME', 'ros2'), ('XDG_SESSION_TYPE', 'x11'), ('MASTERDIR', '/home/ff/ee106a'), ('COMPIZ_CONFIG_PROFILE', 'mate'), ('XDG_CACHE_HOME', '/home/cc/ee106a/fa26/class/ee106a-act/.cache'), ('SHLVL', '2'), ('LD_LIBRARY_PATH', '/opt/ros/turtlebot3_ws/install/turtlebot3_msgs/lib:/opt/ros/turtlebot3_ws/install/dynamixel_sdk_custom_interfaces/lib:/opt/ros/turtlebot3_ws/install/dynamixel_sdk/lib:/usr/lib/x86_64-linux-gnu/gazebo-11/plugins:/opt/ros/humble/opt/rviz_ogre_vendor/lib:/opt/ros/humble/lib/x86_64-linux-gnu:/opt/ros/humble/lib'), ('HOME', '/home/cc/ee106a/fa26/class/ee106a-act'), ('OLDPWD', '/home/cc/ee106a/fa26/class/ee106a-act/ros_workspaces'), ('DESKTOP_SESSION', 'mate'), ('ROS_PYTHON_VERSION', '3'), ('GTK_MODULES', 'gail:atk-bridge:appmenu-gtk-module:gail:atk-bridge:canberra-gtk-module'), ('DISTROBOX_ENTER_PATH', '/usr/local/bin/distrobox-enter'), ('SYSTEMD_EXEC_PID', '1748179'), ('NNTPSERVER', 'news.csua.berkeley.edu'), ('VISUAL', 'emacs'), ('XDG_STATE_HOME', '/home/cc/ee106a/fa26/class/ee106a-act/.local/state'), ('DBUS_SESSION_BUS_ADDRESS', 'unix:path=/run/user/90936/bus'), ('COLORTERM', 'truecolor'), ('container', 'podman'), ('UBUNTU_MENUPROXY', '1'), ('QT_QPA_PLATFORMTHEME', 'gtk2'), ('COLCON_PREFIX_PATH', '/opt/ros/turtlebot3_ws/install'), ('ROS_DISTRO', 'humble'), ('GTK_IM_MODULE', 'ibus'), ('LOGNAME', 'ee106a-act'), ('MASTER', 'ee106a'), ('WINDOWID', '75497478'), ('ROS_VERSION', '2'), ('XDG_SESSION_CLASS', 'user'), ('TERMINFO_DIRS', '/usr/share/terminfo:/run/host/usr/share/terminfo'), ('USERNAME', 'ee106a-act'), ('TERM', 'xterm-256color'), ('GTK_OVERLAY_SCROLLING', '0'), ('XDG_SESSION_ID', '2325'), ('ROS_LOCALHOST_ONLY', '0'), ('WINDOWPATH', '2'), ('PATH', '/opt/ros/humble/bin:/share/b/grading/bin:/home/ff/ee106a/bin:/home/ff/ee106a/bin/arch/x86_64:/share/b/grading/bin:/home/ff/ee106a/bin:/home/ff/ee106a/bin/arch/x86_64:/usr/local/sbin:/usr/local/bin:/usr/sbin:/usr/bin:/sbin:/bin:/usr/games:/usr/local/games:/snap/bin:/snap/bin:/share/b/grading/bin:/share/b/grading/sbin:/share/b/runas/x86_64:/share/b/bin:/home/ff/ee106a/venvs/all:/usr/local/sbin:/usr/local/bin:/usr/sbin:/usr/bin:/sbin:/bin:/share/b/grading/bin:/share/b/grading/sbin:/share/b/runas/x86_64:/share/b/bin:/home/ff/ee106a/venvs/all'), ('SESSION_MANAGER', 'local/c105-4:@/tmp/.ICE-unix/1748274,unix/c105-4:/tmp/.ICE-unix/1748274'), ('OS', 'Linux'), ('XDG_RUNTIME_DIR', '/run/user/90936'), ('DISPLAY', ':1'), ('LANG', 'en_US.UTF-8'), ('XDG_CURRENT_DESKTOP', 'MATE'), ('XDG_DATA_HOME', '/home/cc/ee106a/fa26/class/ee106a-act/.local/share'), ('XDG_CONFIG_HOME', '/home/cc/ee106a/fa26/class/ee106a-act/.config'), ('XMODIFIERS', '@im=ibus'), ('XDG_SESSION_DESKTOP', 'mate'), ('XAUTHORITY', '/run/user/90936/gdm/Xauthority'), ('SSH_AUTH_SOCK', '/run/user/90936/keyring/ssh'), ('ROS_DOMAIN_ID', '24'), ('AMENT_PREFIX_PATH', '/opt/ros/turtlebot3_ws/install/turtlebot3:/opt/ros/turtlebot3_ws/install/turtlebot3_teleop:/opt/ros/turtlebot3_ws/install/turtlebot3_bringup:/opt/ros/turtlebot3_ws/install/turtlebot3_node:/opt/ros/turtlebot3_ws/install/turtlebot3_navigation2:/opt/ros/turtlebot3_ws/install/turtlebot3_example:/opt/ros/turtlebot3_ws/install/turtlebot3_msgs:/opt/ros/turtlebot3_ws/install/turtlebot3_description:/opt/ros/turtlebot3_ws/install/turtlebot3_cartographer:/opt/ros/turtlebot3_ws/install/dynamixel_sdk_examples:/opt/ros/turtlebot3_ws/install/dynamixel_sdk_custom_interfaces:/opt/ros/turtlebot3_ws/install/dynamixel_sdk:/opt/ros/humble'), ('SHELL', '/usr/bin/bash'), ('QT_ACCESSIBILITY', '1'), ('GDMSESSION', 'mate'), ('RUNAS', '/share/b/runas/x86_64'), ('GPG_AGENT_INFO', '/run/user/90936/gnupg/S.gpg-agent:0:1'), ('CONFIG_SHELL', '/usr/bin/ksh'), ('QT_IM_MODULE', 'ibus'), ('PWD', '/home/cc/ee106a/fa26/class/ee106a-act/ros_workspaces/lab4/build/usb_cam'), ('EE106_ENV_SETUP', 'turtlebot_ros2'), ('CONTAINER_ID', 'ros2'), ('TURTLEBOT3_MODEL', 'burger'), ('LC_ALL', 'C.UTF-8'), ('XDG_CONFIG_DIRS', '/etc/xdg/xdg-mate:/etc/xdg'), ('CLUTTER_IM_MODULE', 'ibus'), ('XDG_DATA_DIRS', '/usr/share/mate:/usr/share/mate:/usr/share/gnome:/home/cc/ee106a/fa26/class/ee106a-act/.local/share/flatpak/exports/share:/var/lib/flatpak/exports/share:/usr/local/share/:/usr/share/:/var/lib/snapd/desktop:/usr/local/share:/usr/share'), ('PYTHONPATH', '/opt/ros/turtlebot3_ws/build/turtlebot3_teleop:/opt/ros/turtlebot3_ws/install/turtlebot3_teleop/lib/python3.10/site-packages:/opt/ros/turtlebot3_ws/build/turtlebot3_example:/opt/ros/turtlebot3_ws/install/turtlebot3_example/lib/python3.10/site-packages:/opt/ros/turtlebot3_ws/install/turtlebot3_msgs/local/lib/python3.10/dist-packages:/opt/ros/turtlebot3_ws/install/dynamixel_sdk_custom_interfaces/local/lib/python3.10/dist-packages:/opt/ros/turtlebot3_ws/install/dynamixel_sdk/local/lib/python3.10/dist-packages:/opt/ros/humble/lib/python3.10/site-packages:/opt/ros/humble/local/lib/python3.10/dist-packages'), ('MATE_DESKTOP_SESSION_ID', 'this-is-deprecated'), ('COLCON', '1'), ('MANPATH', '/usr/local/man:/usr/man:/usr/X11/man:/usr/local/man:/share/b/grading/man:/usr/local/man:/usr/man:/usr/X11/man:/usr/local/man:/share/b/grading/man:'), ('VTE_VERSION', '6800'), ('EDITOR', 'emacs'), ('CMAKE_PREFIX_PATH', '/opt/ros/turtlebot3_ws/install/turtlebot3:/opt/ros/turtlebot3_ws/install/turtlebot3_bringup:/opt/ros/turtlebot3_ws/install/turtlebot3_node:/opt/ros/turtlebot3_ws/install/turtlebot3_navigation2:/opt/ros/turtlebot3_ws/install/turtlebot3_msgs:/opt/ros/turtlebot3_ws/install/turtlebot3_description:/opt/ros/turtlebot3_ws/install/turtlebot3_cartographer:/opt/ros/turtlebot3_ws/install/dynamixel_sdk_examples:/opt/ros/turtlebot3_ws/install/dynamixel_sdk_custom_interfaces:/opt/ros/turtlebot3_ws/install/dynamixel_sdk:/opt/ros/turtlebot3_ws/install/turtlebot3_teleop:/opt/ros/turtlebot3_ws/install/turtlebot3_example:/opt/ros/humble'), ('QT_FONT_DPI', '122')]), 'shell': False}
[14.651882] (-) TimerEvent: {}
[14.667891] (usb_cam) StdoutLine: {'line': b'-- Install configuration: ""\n'}
[14.675661] (usb_cam) StdoutLine: {'line': b'-- Installing: /home/cc/ee106a/fa26/class/ee106a-act/ros_workspaces/lab4/install/usb_cam/share/usb_cam/environment/library_path.sh\n'}
[14.685570] (usb_cam) StdoutLine: {'line': b'-- Installing: /home/cc/ee106a/fa26/class/ee106a-act/ros_workspaces/lab4/install/usb_cam/share/usb_cam/environment/library_path.dsv\n'}
[14.696999] (usb_cam) StdoutLine: {'line': b'-- Installing: /home/cc/ee106a/fa26/class/ee106a-act/ros_workspaces/lab4/install/usb_cam/lib/usb_cam/usb_cam_node_exe\n'}
[14.707966] (usb_cam) StdoutLine: {'line': b'-- Set runtime path of "/home/cc/ee106a/fa26/class/ee106a-act/ros_workspaces/lab4/install/usb_cam/lib/usb_cam/usb_cam_node_exe" to ""\n'}
[14.709682] (usb_cam) StdoutLine: {'line': b'-- Installing: /home/cc/ee106a/fa26/class/ee106a-act/ros_workspaces/lab4/install/usb_cam/lib/usb_cam/show_image.py\n'}
[14.717200] (usb_cam) StdoutLine: {'line': b'-- Installing: /home/cc/ee106a/fa26/class/ee106a-act/ros_workspaces/lab4/install/usb_cam/lib/libusb_cam.so\n'}
[14.724381] (usb_cam) StdoutLine: {'line': b'-- Installing: /home/cc/ee106a/fa26/class/ee106a-act/ros_workspaces/lab4/install/usb_cam/lib/libusb_cam_node.so\n'}
[14.752027] (-) TimerEvent: {}
[14.789567] (usb_cam) StdoutLine: {'line': b'-- Set runtime path of "/home/cc/ee106a/fa26/class/ee106a-act/ros_workspaces/lab4/install/usb_cam/lib/libusb_cam_node.so" to ""\n'}
[14.790852] (usb_cam) StdoutLine: {'line': b'-- Installing: /home/cc/ee106a/fa26/class/ee106a-act/ros_workspaces/lab4/install/usb_cam/include\n'}
[14.795950] (usb_cam) StdoutLine: {'line': b'-- Installing: /home/cc/ee106a/fa26/class/ee106a-act/ros_workspaces/lab4/install/usb_cam/include/usb_cam\n'}
[14.801687] (usb_cam) StdoutLine: {'line': b'-- Installing: /home/cc/ee106a/fa26/class/ee106a-act/ros_workspaces/lab4/install/usb_cam/include/usb_cam/conversions.hpp\n'}
[14.807738] (usb_cam) StdoutLine: {'line': b'-- Installing: /home/cc/ee106a/fa26/class/ee106a-act/ros_workspaces/lab4/install/usb_cam/include/usb_cam/usb_cam_node.hpp\n'}
[14.814845] (usb_cam) StdoutLine: {'line': b'-- Installing: /home/cc/ee106a/fa26/class/ee106a-act/ros_workspaces/lab4/install/usb_cam/include/usb_cam/usb_cam.hpp\n'}
[14.821830] (usb_cam) StdoutLine: {'line': b'-- Installing: /home/cc/ee106a/fa26/class/ee106a-act/ros_workspaces/lab4/install/usb_cam/include/usb_cam/formats\n'}
[14.827529] (usb_cam) StdoutLine: {'line': b'-- Installing: /home/cc/ee106a/fa26/class/ee106a-act/ros_workspaces/lab4/install/usb_cam/include/usb_cam/formats/rgb.hpp\n'}
[14.833434] (usb_cam) StdoutLine: {'line': b'-- Installing: /home/cc/ee106a/fa26/class/ee106a-act/ros_workspaces/lab4/install/usb_cam/include/usb_cam/formats/mono.hpp\n'}
[14.840013] (usb_cam) StdoutLine: {'line': b'-- Installing: /home/cc/ee106a/fa26/class/ee106a-act/ros_workspaces/lab4/install/usb_cam/include/usb_cam/formats/av_pixel_format_helper.hpp\n'}
[14.846782] (usb_cam) StdoutLine: {'line': b'-- Installing: /home/cc/ee106a/fa26/class/ee106a-act/ros_workspaces/lab4/install/usb_cam/include/usb_cam/formats/utils.hpp\n'}
[14.852148] (-) TimerEvent: {}
[14.853981] (usb_cam) StdoutLine: {'line': b'-- Installing: /home/cc/ee106a/fa26/class/ee106a-act/ros_workspaces/lab4/install/usb_cam/include/usb_cam/formats/yuyv.hpp\n'}
[14.860523] (usb_cam) StdoutLine: {'line': b'-- Installing: /home/cc/ee106a/fa26/class/ee106a-act/ros_workspaces/lab4/install/usb_cam/include/usb_cam/formats/mjpeg.hpp\n'}
[14.867009] (usb_cam) StdoutLine: {'line': b'-- Installing: /home/cc/ee106a/fa26/class/ee106a-act/ros_workspaces/lab4/install/usb_cam/include/usb_cam/formats/pixel_format_base.hpp\n'}
[14.873893] (usb_cam) StdoutLine: {'line': b'-- Installing: /home/cc/ee106a/fa26/class/ee106a-act/ros_workspaces/lab4/install/usb_cam/include/usb_cam/formats/uyvy.hpp\n'}
[14.880240] (usb_cam) StdoutLine: {'line': b'-- Installing: /home/cc/ee106a/fa26/class/ee106a-act/ros_workspaces/lab4/install/usb_cam/include/usb_cam/formats/m420.hpp\n'}
[14.886910] (usb_cam) StdoutLine: {'line': b'-- Installing: /home/cc/ee106a/fa26/class/ee106a-act/ros_workspaces/lab4/install/usb_cam/include/usb_cam/constants.hpp\n'}
[14.893328] (usb_cam) StdoutLine: {'line': b'-- Installing: /home/cc/ee106a/fa26/class/ee106a-act/ros_workspaces/lab4/install/usb_cam/include/usb_cam/utils.hpp\n'}
[14.899752] (usb_cam) StdoutLine: {'line': b'-- Up-to-date: /home/cc/ee106a/fa26/class/ee106a-act/ros_workspaces/lab4/install/usb_cam/lib/libusb_cam_node.so\n'}
[14.902225] (usb_cam) StdoutLine: {'line': b'-- Installing: /home/cc/ee106a/fa26/class/ee106a-act/ros_workspaces/lab4/install/usb_cam/share/usb_cam/launch\n'}
[14.907894] (usb_cam) StdoutLine: {'line': b'-- Installing: /home/cc/ee106a/fa26/class/ee106a-act/ros_workspaces/lab4/install/usb_cam/share/usb_cam/launch/camera.launch.py\n'}
[14.914626] (usb_cam) StdoutLine: {'line': b'-- Installing: /home/cc/ee106a/fa26/class/ee106a-act/ros_workspaces/lab4/install/usb_cam/share/usb_cam/launch/camera_config.py\n'}
[14.921681] (usb_cam) StdoutLine: {'line': b'-- Installing: /home/cc/ee106a/fa26/class/ee106a-act/ros_workspaces/lab4/install/usb_cam/share/usb_cam/launch/__init__.py\n'}
[14.927560] (usb_cam) StdoutLine: {'line': b'-- Installing: /home/cc/ee106a/fa26/class/ee106a-act/ros_workspaces/lab4/install/usb_cam/share/usb_cam/config\n'}
[14.933102] (usb_cam) StdoutLine: {'line': b'-- Installing: /home/cc/ee106a/fa26/class/ee106a-act/ros_workspaces/lab4/install/usb_cam/share/usb_cam/config/camera_info.yaml\n'}
[14.940307] (usb_cam) StdoutLine: {'line': b'-- Installing: /home/cc/ee106a/fa26/class/ee106a-act/ros_workspaces/lab4/install/usb_cam/share/usb_cam/config/c922_pro_stream_webcam.yaml\n'}
[14.947310] (usb_cam) StdoutLine: {'line': b'-- Installing: /home/cc/ee106a/fa26/class/ee106a-act/ros_workspaces/lab4/install/usb_cam/share/usb_cam/config/params_1.yaml\n'}
[14.952206] (-) TimerEvent: {}
[14.954353] (usb_cam) StdoutLine: {'line': b'-- Installing: /home/cc/ee106a/fa26/class/ee106a-act/ros_workspaces/lab4/install/usb_cam/share/usb_cam/config/params.yaml\n'}
[14.961083] (usb_cam) StdoutLine: {'line': b'-- Installing: /home/cc/ee106a/fa26/class/ee106a-act/ros_workspaces/lab4/install/usb_cam/share/usb_cam/config/params_2.yaml\n'}
[14.974541] (usb_cam) StdoutLine: {'line': b'-- Installing: /home/cc/ee106a/fa26/class/ee106a-act/ros_workspaces/lab4/install/usb_cam/share/ament_index/resource_index/package_run_dependencies/usb_cam\n'}
[14.985447] (usb_cam) StdoutLine: {'line': b'-- Installing: /home/cc/ee106a/fa26/class/ee106a-act/ros_workspaces/lab4/install/usb_cam/share/ament_index/resource_index/parent_prefix_path/usb_cam\n'}
[14.991844] (usb_cam) StdoutLine: {'line': b'-- Installing: /home/cc/ee106a/fa26/class/ee106a-act/ros_workspaces/lab4/install/usb_cam/share/usb_cam/environment/ament_prefix_path.sh\n'}
[15.001573] (usb_cam) StdoutLine: {'line': b'-- Installing: /home/cc/ee106a/fa26/class/ee106a-act/ros_workspaces/lab4/install/usb_cam/share/usb_cam/environment/ament_prefix_path.dsv\n'}
[15.008123] (usb_cam) StdoutLine: {'line': b'-- Installing: /home/cc/ee106a/fa26/class/ee106a-act/ros_workspaces/lab4/install/usb_cam/share/usb_cam/environment/path.sh\n'}
[15.017867] (usb_cam) StdoutLine: {'line': b'-- Installing: /home/cc/ee106a/fa26/class/ee106a-act/ros_workspaces/lab4/install/usb_cam/share/usb_cam/environment/path.dsv\n'}
[15.024683] (usb_cam) StdoutLine: {'line': b'-- Installing: /home/cc/ee106a/fa26/class/ee106a-act/ros_workspaces/lab4/install/usb_cam/share/usb_cam/local_setup.bash\n'}
[15.031498] (usb_cam) StdoutLine: {'line': b'-- Installing: /home/cc/ee106a/fa26/class/ee106a-act/ros_workspaces/lab4/install/usb_cam/share/usb_cam/local_setup.sh\n'}
[15.038008] (usb_cam) StdoutLine: {'line': b'-- Installing: /home/cc/ee106a/fa26/class/ee106a-act/ros_workspaces/lab4/install/usb_cam/share/usb_cam/local_setup.zsh\n'}
[15.044715] (usb_cam) StdoutLine: {'line': b'-- Installing: /home/cc/ee106a/fa26/class/ee106a-act/ros_workspaces/lab4/install/usb_cam/share/usb_cam/local_setup.dsv\n'}
[15.050857] (usb_cam) StdoutLine: {'line': b'-- Installing: /home/cc/ee106a/fa26/class/ee106a-act/ros_workspaces/lab4/install/usb_cam/share/usb_cam/package.dsv\n'}
[15.052273] (-) TimerEvent: {}
[15.061349] (usb_cam) StdoutLine: {'line': b'-- Installing: /home/cc/ee106a/fa26/class/ee106a-act/ros_workspaces/lab4/install/usb_cam/share/ament_index/resource_index/packages/usb_cam\n'}
[15.071330] (usb_cam) StdoutLine: {'line': b'-- Installing: /home/cc/ee106a/fa26/class/ee106a-act/ros_workspaces/lab4/install/usb_cam/share/ament_index/resource_index/rclcpp_components/usb_cam\n'}
[15.081841] (usb_cam) StdoutLine: {'line': b'-- Installing: /home/cc/ee106a/fa26/class/ee106a-act/ros_workspaces/lab4/install/usb_cam/share/usb_cam/cmake/ament_cmake_export_libraries-extras.cmake\n'}
[15.089082] (usb_cam) StdoutLine: {'line': b'-- Installing: /home/cc/ee106a/fa26/class/ee106a-act/ros_workspaces/lab4/install/usb_cam/share/usb_cam/cmake/ament_cmake_export_dependencies-extras.cmake\n'}
[15.095335] (usb_cam) StdoutLine: {'line': b'-- Installing: /home/cc/ee106a/fa26/class/ee106a-act/ros_workspaces/lab4/install/usb_cam/share/usb_cam/cmake/ament_cmake_export_include_directories-extras.cmake\n'}
[15.102068] (usb_cam) StdoutLine: {'line': b'-- Installing: /home/cc/ee106a/fa26/class/ee106a-act/ros_workspaces/lab4/install/usb_cam/share/usb_cam/cmake/usb_camConfig.cmake\n'}
[15.108453] (usb_cam) StdoutLine: {'line': b'-- Installing: /home/cc/ee106a/fa26/class/ee106a-act/ros_workspaces/lab4/install/usb_cam/share/usb_cam/cmake/usb_camConfig-version.cmake\n'}
[15.115936] (usb_cam) StdoutLine: {'line': b'-- Installing: /home/cc/ee106a/fa26/class/ee106a-act/ros_workspaces/lab4/install/usb_cam/share/usb_cam/package.xml\n'}
[15.128765] (usb_cam) CommandEnded: {'returncode': 0}
[15.152584] (-) TimerEvent: {}
[15.241913] (usb_cam) JobEnded: {'identifier': 'usb_cam', 'rc': 0}
[15.251258] (-) EventReactorShutdown: {}
