[0.000000] (-) TimerEvent: {}
[0.000115] (forward_kinematics) JobQueued: {'identifier': 'forward_kinematics', 'dependencies': OrderedDict()}
[0.000145] (joint_control) JobQueued: {'identifier': 'joint_control', 'dependencies': OrderedDict()}
[0.000178] (straight_line_interface) JobQueued: {'identifier': 'straight_line_interface', 'dependencies': OrderedDict()}
[0.000200] (tf_listener) JobQueued: {'identifier': 'tf_listener', 'dependencies': OrderedDict()}
[0.000219] (straight_line) JobQueued: {'identifier': 'straight_line', 'dependencies': OrderedDict([('straight_line_interface', '/home/cc/ee106a/fa26/class/ee106a-act/ros_workspaces/lab3/install/straight_line_interface')])}
[0.000358] (straight_line_interface) JobStarted: {'identifier': 'straight_line_interface'}
[0.021652] (forward_kinematics) JobStarted: {'identifier': 'forward_kinematics'}
[0.052579] (joint_control) JobStarted: {'identifier': 'joint_control'}
[0.086783] (tf_listener) JobStarted: {'identifier': 'tf_listener'}
[0.098855] (-) TimerEvent: {}
[0.125901] (straight_line_interface) JobProgress: {'identifier': 'straight_line_interface', 'progress': 'cmake'}
[0.139163] (straight_line_interface) Command: {'cmd': ['/usr/bin/cmake', '/home/cc/ee106a/fa26/class/ee106a-act/ros_workspaces/lab3/src/straight_line_interface', '-DCMAKE_INSTALL_PREFIX=/home/cc/ee106a/fa26/class/ee106a-act/ros_workspaces/lab3/install/straight_line_interface'], 'cwd': '/home/cc/ee106a/fa26/class/ee106a-act/ros_workspaces/lab3/build/straight_line_interface', 'env': OrderedDict([('ARCH', 'x86_64'), ('QT_SCALE_FACTOR', '1'), ('USER', 'ee106a-act'), ('XAUTHLOCALHOSTNAME', 'source install/bas'), ('HOSTNAME', 'ros2'), ('XDG_SESSION_TYPE', 'x11'), ('MASTERDIR', '/home/ff/ee106a'), ('COMPIZ_CONFIG_PROFILE', 'mate'), ('XDG_CACHE_HOME', '/home/cc/ee106a/fa26/class/ee106a-act/.cache'), ('SHLVL', '2'), ('LD_LIBRARY_PATH', '/usr/lib/x86_64-linux-gnu/gazebo-11/plugins:/opt/ros/humble/opt/rviz_ogre_vendor/lib:/opt/ros/humble/lib/x86_64-linux-gnu:/opt/ros/humble/lib'), ('HOME', '/home/cc/ee106a/fa26/class/ee106a-act'), ('OLDPWD', '/home/cc/ee106a/fa26/class/ee106a-act'), ('DESKTOP_SESSION', 'mate'), ('ROS_PYTHON_VERSION', '3'), ('GTK_MODULES', 'gail:atk-bridge:appmenu-gtk-module:gail:atk-bridge:canberra-gtk-module'), ('EE106_UR_ROBOT_IP', '192.168.1.103'), ('DISTROBOX_ENTER_PATH', '/usr/local/bin/distrobox-enter'), ('SYSTEMD_EXEC_PID', '880739'), ('NNTPSERVER', 'news.csua.berkeley.edu'), ('VISUAL', 'emacs'), ('XDG_STATE_HOME', '/home/cc/ee106a/fa26/class/ee106a-act/.local/state'), ('DBUS_SESSION_BUS_ADDRESS', 'unix:path=/run/user/90936/bus'), ('COLORTERM', 'truecolor'), ('container', 'podman'), ('UBUNTU_MENUPROXY', '1'), ('QT_QPA_PLATFORMTHEME', 'gtk2'), ('COLCON_PREFIX_PATH', '/home/ff/ee106a/robot_workspaces/ur/install'), ('ROS_DISTRO', 'humble'), ('GTK_IM_MODULE', 'ibus'), ('LOGNAME', 'ee106a-act'), ('MASTER', 'ee106a'), ('WINDOWID', '58720262'), ('ROS_VERSION', '2'), ('XDG_SESSION_CLASS', 'user'), ('TERMINFO_DIRS', '/usr/share/terminfo:/run/host/usr/share/terminfo'), ('USERNAME', 'ee106a-act'), ('TERM', 'xterm-256color'), ('GTK_OVERLAY_SCROLLING', '0'), ('XDG_SESSION_ID', '1136'), ('ROS_LOCALHOST_ONLY', '0'), ('WINDOWPATH', '2'), ('PATH', '/opt/ros/humble/bin:/share/b/grading/bin:/home/ff/ee106a/bin:/home/ff/ee106a/bin/arch/x86_64:/share/b/grading/bin:/home/ff/ee106a/bin:/home/ff/ee106a/bin/arch/x86_64:/usr/local/sbin:/usr/local/bin:/usr/sbin:/usr/bin:/sbin:/bin:/usr/games:/usr/local/games:/snap/bin:/snap/bin:/share/b/grading/bin:/share/b/grading/sbin::/share/b/bin:/home/ff/ee106a/venvs/all:/usr/local/sbin:/usr/local/bin:/usr/sbin:/usr/bin:/sbin:/bin:/share/b/grading/bin:/share/b/grading/sbin::/share/b/bin:/home/ff/ee106a/venvs/all'), ('SESSION_MANAGER', 'local/c105-9:@/tmp/.ICE-unix/880833,unix/c105-9:/tmp/.ICE-unix/880833'), ('OS', 'Linux'), ('XDG_RUNTIME_DIR', '/run/user/90936'), ('DISPLAY', ':1'), ('LANG', 'en_US.UTF-8'), ('XDG_CURRENT_DESKTOP', 'MATE'), ('XDG_DATA_HOME', '/home/cc/ee106a/fa26/class/ee106a-act/.local/share'), ('XDG_CONFIG_HOME', '/home/cc/ee106a/fa26/class/ee106a-act/.config'), ('XMODIFIERS', '@im=ibus'), ('XDG_SESSION_DESKTOP', 'mate'), ('XAUTHORITY', '/run/user/90936/gdm/Xauthority'), ('SSH_AUTH_SOCK', '/run/user/90936/keyring/ssh'), ('ROS_DOMAIN_ID', '29'), ('AMENT_PREFIX_PATH', '/home/ff/ee106a/robot_workspaces/ur/install/ur7e_utils:/opt/ros/humble'), ('SHELL', '/usr/bin/bash'), ('QT_ACCESSIBILITY', '1'), ('EE106_UR_ROBOT_NAME', 'wall-e'), ('GDMSESSION', 'mate'), ('GPG_AGENT_INFO', '/run/user/90936/gnupg/S.gpg-agent:0:1'), ('CONFIG_SHELL', '/usr/bin/ksh'), ('QT_IM_MODULE', 'ibus'), ('PWD', '/home/cc/ee106a/fa26/class/ee106a-act/ros_workspaces/lab3/build/straight_line_interface'), ('EE106_ENV_SETUP', 'ur_ros2'), ('CONTAINER_ID', 'ros2'), ('LC_ALL', 'C.UTF-8'), ('XDG_CONFIG_DIRS', '/etc/xdg/xdg-mate:/etc/xdg'), ('CLUTTER_IM_MODULE', 'ibus'), ('XDG_DATA_DIRS', '/usr/share/mate:/usr/share/mate:/usr/share/gnome:/home/cc/ee106a/fa26/class/ee106a-act/.local/share/flatpak/exports/share:/var/lib/flatpak/exports/share:/usr/local/share/:/usr/share/:/var/lib/snapd/desktop:/usr/local/share:/usr/share'), ('PYTHONPATH', '/home/ff/ee106a/robot_workspaces/ur/install/ur7e_utils/lib/python3.10/site-packages:/opt/ros/humble/lib/python3.10/site-packages:/opt/ros/humble/local/lib/python3.10/dist-packages'), ('MATE_DESKTOP_SESSION_ID', 'this-is-deprecated'), ('COLCON', '1'), ('MANPATH', '/usr/local/man:/usr/man:/usr/X11/man:/usr/local/man:/usr/man:/usr/X11/man::/share/b/grading/man:/share/b/grading/man'), ('VTE_VERSION', '6800'), ('EDITOR', 'emacs'), ('QT_FONT_DPI', '122'), ('CMAKE_PREFIX_PATH', '/home/ff/ee106a/robot_workspaces/ur/install/ur7e_utils:/opt/ros/humble')]), 'shell': False}
[0.198964] (-) TimerEvent: {}
[0.299309] (-) TimerEvent: {}
[0.399669] (-) TimerEvent: {}
[0.500024] (-) TimerEvent: {}
[0.600341] (-) TimerEvent: {}
[0.700697] (-) TimerEvent: {}
[0.801087] (-) TimerEvent: {}
[0.901433] (-) TimerEvent: {}
[1.001779] (-) TimerEvent: {}
[1.102149] (-) TimerEvent: {}
[1.202454] (-) TimerEvent: {}
[1.302703] (-) TimerEvent: {}
[1.403066] (-) TimerEvent: {}
[1.503383] (-) TimerEvent: {}
[1.603659] (-) TimerEvent: {}
[1.704008] (-) TimerEvent: {}
[1.804192] (-) TimerEvent: {}
[1.826499] (straight_line_interface) StdoutLine: {'line': b'-- The C compiler identification is GNU 11.4.0\n'}
[1.826844] (straight_line_interface) StdoutLine: {'line': b'-- The CXX compiler identification is GNU 11.4.0\n'}
[1.827135] (straight_line_interface) StdoutLine: {'line': b'-- Detecting C compiler ABI info\n'}
[1.904301] (-) TimerEvent: {}
[2.004618] (-) TimerEvent: {}
[2.036149] (straight_line_interface) StdoutLine: {'line': b'-- Detecting C compiler ABI info - done\n'}
[2.045930] (straight_line_interface) StdoutLine: {'line': b'-- Check for working C compiler: /usr/bin/cc - skipped\n'}
[2.046310] (straight_line_interface) StdoutLine: {'line': b'-- Detecting C compile features\n'}
[2.047422] (straight_line_interface) StdoutLine: {'line': b'-- Detecting C compile features - done\n'}
[2.089858] (straight_line_interface) StdoutLine: {'line': b'-- Detecting CXX compiler ABI info\n'}
[2.104682] (-) TimerEvent: {}
[2.204993] (-) TimerEvent: {}
[2.305257] (-) TimerEvent: {}
[2.379296] (straight_line_interface) StdoutLine: {'line': b'-- Detecting CXX compiler ABI info - done\n'}
[2.389306] (straight_line_interface) StdoutLine: {'line': b'-- Check for working CXX compiler: /usr/bin/c++ - skipped\n'}
[2.389582] (straight_line_interface) StdoutLine: {'line': b'-- Detecting CXX compile features\n'}
[2.389991] (straight_line_interface) StdoutLine: {'line': b'-- Detecting CXX compile features - done\n'}
[2.405311] (-) TimerEvent: {}
[2.438130] (straight_line_interface) StdoutLine: {'line': b'-- Found ament_cmake: 1.3.14 (/opt/ros/humble/share/ament_cmake/cmake)\n'}
[2.505413] (-) TimerEvent: {}
[2.605732] (-) TimerEvent: {}
[2.706116] (-) TimerEvent: {}
[2.806467] (-) TimerEvent: {}
[2.832876] (tf_listener) Command: {'cmd': ['/usr/bin/python3', '-W', 'ignore:setup.py install is deprecated', '-W', 'ignore:easy_install command is deprecated', 'setup.py', 'egg_info', '--egg-base', '../../build/tf_listener', 'build', '--build-base', '/home/cc/ee106a/fa26/class/ee106a-act/ros_workspaces/lab3/build/tf_listener/build', 'install', '--record', '/home/cc/ee106a/fa26/class/ee106a-act/ros_workspaces/lab3/build/tf_listener/install.log', '--install-scripts', '$base/lib/tf_listener', '--single-version-externally-managed', 'install_data'], 'cwd': '/home/cc/ee106a/fa26/class/ee106a-act/ros_workspaces/lab3/src/tf_listener', 'env': {'ARCH': 'x86_64', 'QT_SCALE_FACTOR': '1', 'USER': 'ee106a-act', 'XAUTHLOCALHOSTNAME': 'source install/bas', 'HOSTNAME': 'ros2', 'XDG_SESSION_TYPE': 'x11', 'MASTERDIR': '/home/ff/ee106a', 'COMPIZ_CONFIG_PROFILE': 'mate', 'XDG_CACHE_HOME': '/home/cc/ee106a/fa26/class/ee106a-act/.cache', 'SHLVL': '2', 'LD_LIBRARY_PATH': '/usr/lib/x86_64-linux-gnu/gazebo-11/plugins:/opt/ros/humble/opt/rviz_ogre_vendor/lib:/opt/ros/humble/lib/x86_64-linux-gnu:/opt/ros/humble/lib', 'HOME': '/home/cc/ee106a/fa26/class/ee106a-act', 'OLDPWD': '/home/cc/ee106a/fa26/class/ee106a-act', 'DESKTOP_SESSION': 'mate', 'ROS_PYTHON_VERSION': '3', 'GTK_MODULES': 'gail:atk-bridge:appmenu-gtk-module:gail:atk-bridge:canberra-gtk-module', 'EE106_UR_ROBOT_IP': '192.168.1.103', 'DISTROBOX_ENTER_PATH': '/usr/local/bin/distrobox-enter', 'SYSTEMD_EXEC_PID': '880739', 'NNTPSERVER': 'news.csua.berkeley.edu', 'VISUAL': 'emacs', 'XDG_STATE_HOME': '/home/cc/ee106a/fa26/class/ee106a-act/.local/state', 'DBUS_SESSION_BUS_ADDRESS': 'unix:path=/run/user/90936/bus', 'COLORTERM': 'truecolor', 'container': 'podman', 'UBUNTU_MENUPROXY': '1', 'QT_QPA_PLATFORMTHEME': 'gtk2', 'COLCON_PREFIX_PATH': '/home/ff/ee106a/robot_workspaces/ur/install', 'ROS_DISTRO': 'humble', 'GTK_IM_MODULE': 'ibus', 'LOGNAME': 'ee106a-act', 'MASTER': 'ee106a', 'WINDOWID': '58720262', 'ROS_VERSION': '2', 'XDG_SESSION_CLASS': 'user', 'TERMINFO_DIRS': '/usr/share/terminfo:/run/host/usr/share/terminfo', 'USERNAME': 'ee106a-act', 'TERM': 'xterm-256color', 'GTK_OVERLAY_SCROLLING': '0', 'XDG_SESSION_ID': '1136', 'ROS_LOCALHOST_ONLY': '0', 'WINDOWPATH': '2', 'PATH': '/opt/ros/humble/bin:/share/b/grading/bin:/home/ff/ee106a/bin:/home/ff/ee106a/bin/arch/x86_64:/share/b/grading/bin:/home/ff/ee106a/bin:/home/ff/ee106a/bin/arch/x86_64:/usr/local/sbin:/usr/local/bin:/usr/sbin:/usr/bin:/sbin:/bin:/usr/games:/usr/local/games:/snap/bin:/snap/bin:/share/b/grading/bin:/share/b/grading/sbin::/share/b/bin:/home/ff/ee106a/venvs/all:/usr/local/sbin:/usr/local/bin:/usr/sbin:/usr/bin:/sbin:/bin:/share/b/grading/bin:/share/b/grading/sbin::/share/b/bin:/home/ff/ee106a/venvs/all', 'SESSION_MANAGER': 'local/c105-9:@/tmp/.ICE-unix/880833,unix/c105-9:/tmp/.ICE-unix/880833', 'OS': 'Linux', 'XDG_RUNTIME_DIR': '/run/user/90936', 'DISPLAY': ':1', 'LANG': 'en_US.UTF-8', 'XDG_CURRENT_DESKTOP': 'MATE', 'XDG_DATA_HOME': '/home/cc/ee106a/fa26/class/ee106a-act/.local/share', 'XDG_CONFIG_HOME': '/home/cc/ee106a/fa26/class/ee106a-act/.config', 'XMODIFIERS': '@im=ibus', 'XDG_SESSION_DESKTOP': 'mate', 'XAUTHORITY': '/run/user/90936/gdm/Xauthority', 'SSH_AUTH_SOCK': '/run/user/90936/keyring/ssh', 'ROS_DOMAIN_ID': '29', 'AMENT_PREFIX_PATH': '/home/ff/ee106a/robot_workspaces/ur/install/ur7e_utils:/opt/ros/humble', 'SHELL': '/usr/bin/bash', 'QT_ACCESSIBILITY': '1', 'EE106_UR_ROBOT_NAME': 'wall-e', 'GDMSESSION': 'mate', 'GPG_AGENT_INFO': '/run/user/90936/gnupg/S.gpg-agent:0:1', 'CONFIG_SHELL': '/usr/bin/ksh', 'QT_IM_MODULE': 'ibus', 'PWD': '/home/cc/ee106a/fa26/class/ee106a-act/ros_workspaces/lab3/build/tf_listener', 'EE106_ENV_SETUP': 'ur_ros2', 'CONTAINER_ID': 'ros2', 'LC_ALL': 'C.UTF-8', 'XDG_CONFIG_DIRS': '/etc/xdg/xdg-mate:/etc/xdg', 'CLUTTER_IM_MODULE': 'ibus', 'XDG_DATA_DIRS': '/usr/share/mate:/usr/share/mate:/usr/share/gnome:/home/cc/ee106a/fa26/class/ee106a-act/.local/share/flatpak/exports/share:/var/lib/flatpak/exports/share:/usr/local/share/:/usr/share/:/var/lib/snapd/desktop:/usr/local/share:/usr/share', 'PYTHONPATH': '/home/cc/ee106a/fa26/class/ee106a-act/ros_workspaces/lab3/build/tf_listener/prefix_override:/usr/lib/python3/dist-packages/colcon_core/task/python/colcon_distutils_commands:/home/cc/ee106a/fa26/class/ee106a-act/ros_workspaces/lab3/install/tf_listener/lib/python3.10/site-packages:/home/ff/ee106a/robot_workspaces/ur/install/ur7e_utils/lib/python3.10/site-packages:/opt/ros/humble/lib/python3.10/site-packages:/opt/ros/humble/local/lib/python3.10/dist-packages', 'MATE_DESKTOP_SESSION_ID': 'this-is-deprecated', 'COLCON': '1', 'MANPATH': '/usr/local/man:/usr/man:/usr/X11/man:/usr/local/man:/usr/man:/usr/X11/man::/share/b/grading/man:/share/b/grading/man', 'VTE_VERSION': '6800', 'EDITOR': 'emacs', 'QT_FONT_DPI': '122'}, 'shell': False}
[2.849313] (forward_kinematics) Command: {'cmd': ['/usr/bin/python3', '-W', 'ignore:setup.py install is deprecated', '-W', 'ignore:easy_install command is deprecated', 'setup.py', 'egg_info', '--egg-base', '../../build/forward_kinematics', 'build', '--build-base', '/home/cc/ee106a/fa26/class/ee106a-act/ros_workspaces/lab3/build/forward_kinematics/build', 'install', '--record', '/home/cc/ee106a/fa26/class/ee106a-act/ros_workspaces/lab3/build/forward_kinematics/install.log', '--install-scripts', '$base/lib/forward_kinematics', '--single-version-externally-managed', 'install_data'], 'cwd': '/home/cc/ee106a/fa26/class/ee106a-act/ros_workspaces/lab3/src/forward_kinematics', 'env': {'ARCH': 'x86_64', 'QT_SCALE_FACTOR': '1', 'USER': 'ee106a-act', 'XAUTHLOCALHOSTNAME': 'source install/bas', 'HOSTNAME': 'ros2', 'XDG_SESSION_TYPE': 'x11', 'MASTERDIR': '/home/ff/ee106a', 'COMPIZ_CONFIG_PROFILE': 'mate', 'XDG_CACHE_HOME': '/home/cc/ee106a/fa26/class/ee106a-act/.cache', 'SHLVL': '2', 'LD_LIBRARY_PATH': '/usr/lib/x86_64-linux-gnu/gazebo-11/plugins:/opt/ros/humble/opt/rviz_ogre_vendor/lib:/opt/ros/humble/lib/x86_64-linux-gnu:/opt/ros/humble/lib', 'HOME': '/home/cc/ee106a/fa26/class/ee106a-act', 'OLDPWD': '/home/cc/ee106a/fa26/class/ee106a-act', 'DESKTOP_SESSION': 'mate', 'ROS_PYTHON_VERSION': '3', 'GTK_MODULES': 'gail:atk-bridge:appmenu-gtk-module:gail:atk-bridge:canberra-gtk-module', 'EE106_UR_ROBOT_IP': '192.168.1.103', 'DISTROBOX_ENTER_PATH': '/usr/local/bin/distrobox-enter', 'SYSTEMD_EXEC_PID': '880739', 'NNTPSERVER': 'news.csua.berkeley.edu', 'VISUAL': 'emacs', 'XDG_STATE_HOME': '/home/cc/ee106a/fa26/class/ee106a-act/.local/state', 'DBUS_SESSION_BUS_ADDRESS': 'unix:path=/run/user/90936/bus', 'COLORTERM': 'truecolor', 'container': 'podman', 'UBUNTU_MENUPROXY': '1', 'QT_QPA_PLATFORMTHEME': 'gtk2', 'COLCON_PREFIX_PATH': '/home/ff/ee106a/robot_workspaces/ur/install', 'ROS_DISTRO': 'humble', 'GTK_IM_MODULE': 'ibus', 'LOGNAME': 'ee106a-act', 'MASTER': 'ee106a', 'WINDOWID': '58720262', 'ROS_VERSION': '2', 'XDG_SESSION_CLASS': 'user', 'TERMINFO_DIRS': '/usr/share/terminfo:/run/host/usr/share/terminfo', 'USERNAME': 'ee106a-act', 'TERM': 'xterm-256color', 'GTK_OVERLAY_SCROLLING': '0', 'XDG_SESSION_ID': '1136', 'ROS_LOCALHOST_ONLY': '0', 'WINDOWPATH': '2', 'PATH': '/opt/ros/humble/bin:/share/b/grading/bin:/home/ff/ee106a/bin:/home/ff/ee106a/bin/arch/x86_64:/share/b/grading/bin:/home/ff/ee106a/bin:/home/ff/ee106a/bin/arch/x86_64:/usr/local/sbin:/usr/local/bin:/usr/sbin:/usr/bin:/sbin:/bin:/usr/games:/usr/local/games:/snap/bin:/snap/bin:/share/b/grading/bin:/share/b/grading/sbin::/share/b/bin:/home/ff/ee106a/venvs/all:/usr/local/sbin:/usr/local/bin:/usr/sbin:/usr/bin:/sbin:/bin:/share/b/grading/bin:/share/b/grading/sbin::/share/b/bin:/home/ff/ee106a/venvs/all', 'SESSION_MANAGER': 'local/c105-9:@/tmp/.ICE-unix/880833,unix/c105-9:/tmp/.ICE-unix/880833', 'OS': 'Linux', 'XDG_RUNTIME_DIR': '/run/user/90936', 'DISPLAY': ':1', 'LANG': 'en_US.UTF-8', 'XDG_CURRENT_DESKTOP': 'MATE', 'XDG_DATA_HOME': '/home/cc/ee106a/fa26/class/ee106a-act/.local/share', 'XDG_CONFIG_HOME': '/home/cc/ee106a/fa26/class/ee106a-act/.config', 'XMODIFIERS': '@im=ibus', 'XDG_SESSION_DESKTOP': 'mate', 'XAUTHORITY': '/run/user/90936/gdm/Xauthority', 'SSH_AUTH_SOCK': '/run/user/90936/keyring/ssh', 'ROS_DOMAIN_ID': '29', 'AMENT_PREFIX_PATH': '/home/ff/ee106a/robot_workspaces/ur/install/ur7e_utils:/opt/ros/humble', 'SHELL': '/usr/bin/bash', 'QT_ACCESSIBILITY': '1', 'EE106_UR_ROBOT_NAME': 'wall-e', 'GDMSESSION': 'mate', 'GPG_AGENT_INFO': '/run/user/90936/gnupg/S.gpg-agent:0:1', 'CONFIG_SHELL': '/usr/bin/ksh', 'QT_IM_MODULE': 'ibus', 'PWD': '/home/cc/ee106a/fa26/class/ee106a-act/ros_workspaces/lab3/build/forward_kinematics', 'EE106_ENV_SETUP': 'ur_ros2', 'CONTAINER_ID': 'ros2', 'LC_ALL': 'C.UTF-8', 'XDG_CONFIG_DIRS': '/etc/xdg/xdg-mate:/etc/xdg', 'CLUTTER_IM_MODULE': 'ibus', 'XDG_DATA_DIRS': '/usr/share/mate:/usr/share/mate:/usr/share/gnome:/home/cc/ee106a/fa26/class/ee106a-act/.local/share/flatpak/exports/share:/var/lib/flatpak/exports/share:/usr/local/share/:/usr/share/:/var/lib/snapd/desktop:/usr/local/share:/usr/share', 'PYTHONPATH': '/home/cc/ee106a/fa26/class/ee106a-act/ros_workspaces/lab3/build/forward_kinematics/prefix_override:/usr/lib/python3/dist-packages/colcon_core/task/python/colcon_distutils_commands:/home/cc/ee106a/fa26/class/ee106a-act/ros_workspaces/lab3/install/forward_kinematics/lib/python3.10/site-packages:/home/ff/ee106a/robot_workspaces/ur/install/ur7e_utils/lib/python3.10/site-packages:/opt/ros/humble/lib/python3.10/site-packages:/opt/ros/humble/local/lib/python3.10/dist-packages', 'MATE_DESKTOP_SESSION_ID': 'this-is-deprecated', 'COLCON': '1', 'MANPATH': '/usr/local/man:/usr/man:/usr/X11/man:/usr/local/man:/usr/man:/usr/X11/man::/share/b/grading/man:/share/b/grading/man', 'VTE_VERSION': '6800', 'EDITOR': 'emacs', 'QT_FONT_DPI': '122'}, 'shell': False}
[2.858390] (joint_control) Command: {'cmd': ['/usr/bin/python3', '-W', 'ignore:setup.py install is deprecated', '-W', 'ignore:easy_install command is deprecated', 'setup.py', 'egg_info', '--egg-base', '../../build/joint_control', 'build', '--build-base', '/home/cc/ee106a/fa26/class/ee106a-act/ros_workspaces/lab3/build/joint_control/build', 'install', '--record', '/home/cc/ee106a/fa26/class/ee106a-act/ros_workspaces/lab3/build/joint_control/install.log', '--install-scripts', '$base/lib/joint_control', '--single-version-externally-managed', 'install_data'], 'cwd': '/home/cc/ee106a/fa26/class/ee106a-act/ros_workspaces/lab3/src/joint_control', 'env': {'ARCH': 'x86_64', 'QT_SCALE_FACTOR': '1', 'USER': 'ee106a-act', 'XAUTHLOCALHOSTNAME': 'source install/bas', 'HOSTNAME': 'ros2', 'XDG_SESSION_TYPE': 'x11', 'MASTERDIR': '/home/ff/ee106a', 'COMPIZ_CONFIG_PROFILE': 'mate', 'XDG_CACHE_HOME': '/home/cc/ee106a/fa26/class/ee106a-act/.cache', 'SHLVL': '2', 'LD_LIBRARY_PATH': '/usr/lib/x86_64-linux-gnu/gazebo-11/plugins:/opt/ros/humble/opt/rviz_ogre_vendor/lib:/opt/ros/humble/lib/x86_64-linux-gnu:/opt/ros/humble/lib', 'HOME': '/home/cc/ee106a/fa26/class/ee106a-act', 'OLDPWD': '/home/cc/ee106a/fa26/class/ee106a-act', 'DESKTOP_SESSION': 'mate', 'ROS_PYTHON_VERSION': '3', 'GTK_MODULES': 'gail:atk-bridge:appmenu-gtk-module:gail:atk-bridge:canberra-gtk-module', 'EE106_UR_ROBOT_IP': '192.168.1.103', 'DISTROBOX_ENTER_PATH': '/usr/local/bin/distrobox-enter', 'SYSTEMD_EXEC_PID': '880739', 'NNTPSERVER': 'news.csua.berkeley.edu', 'VISUAL': 'emacs', 'XDG_STATE_HOME': '/home/cc/ee106a/fa26/class/ee106a-act/.local/state', 'DBUS_SESSION_BUS_ADDRESS': 'unix:path=/run/user/90936/bus', 'COLORTERM': 'truecolor', 'container': 'podman', 'UBUNTU_MENUPROXY': '1', 'QT_QPA_PLATFORMTHEME': 'gtk2', 'COLCON_PREFIX_PATH': '/home/ff/ee106a/robot_workspaces/ur/install', 'ROS_DISTRO': 'humble', 'GTK_IM_MODULE': 'ibus', 'LOGNAME': 'ee106a-act', 'MASTER': 'ee106a', 'WINDOWID': '58720262', 'ROS_VERSION': '2', 'XDG_SESSION_CLASS': 'user', 'TERMINFO_DIRS': '/usr/share/terminfo:/run/host/usr/share/terminfo', 'USERNAME': 'ee106a-act', 'TERM': 'xterm-256color', 'GTK_OVERLAY_SCROLLING': '0', 'XDG_SESSION_ID': '1136', 'ROS_LOCALHOST_ONLY': '0', 'WINDOWPATH': '2', 'PATH': '/opt/ros/humble/bin:/share/b/grading/bin:/home/ff/ee106a/bin:/home/ff/ee106a/bin/arch/x86_64:/share/b/grading/bin:/home/ff/ee106a/bin:/home/ff/ee106a/bin/arch/x86_64:/usr/local/sbin:/usr/local/bin:/usr/sbin:/usr/bin:/sbin:/bin:/usr/games:/usr/local/games:/snap/bin:/snap/bin:/share/b/grading/bin:/share/b/grading/sbin::/share/b/bin:/home/ff/ee106a/venvs/all:/usr/local/sbin:/usr/local/bin:/usr/sbin:/usr/bin:/sbin:/bin:/share/b/grading/bin:/share/b/grading/sbin::/share/b/bin:/home/ff/ee106a/venvs/all', 'SESSION_MANAGER': 'local/c105-9:@/tmp/.ICE-unix/880833,unix/c105-9:/tmp/.ICE-unix/880833', 'OS': 'Linux', 'XDG_RUNTIME_DIR': '/run/user/90936', 'DISPLAY': ':1', 'LANG': 'en_US.UTF-8', 'XDG_CURRENT_DESKTOP': 'MATE', 'XDG_DATA_HOME': '/home/cc/ee106a/fa26/class/ee106a-act/.local/share', 'XDG_CONFIG_HOME': '/home/cc/ee106a/fa26/class/ee106a-act/.config', 'XMODIFIERS': '@im=ibus', 'XDG_SESSION_DESKTOP': 'mate', 'XAUTHORITY': '/run/user/90936/gdm/Xauthority', 'SSH_AUTH_SOCK': '/run/user/90936/keyring/ssh', 'ROS_DOMAIN_ID': '29', 'AMENT_PREFIX_PATH': '/home/ff/ee106a/robot_workspaces/ur/install/ur7e_utils:/opt/ros/humble', 'SHELL': '/usr/bin/bash', 'QT_ACCESSIBILITY': '1', 'EE106_UR_ROBOT_NAME': 'wall-e', 'GDMSESSION': 'mate', 'GPG_AGENT_INFO': '/run/user/90936/gnupg/S.gpg-agent:0:1', 'CONFIG_SHELL': '/usr/bin/ksh', 'QT_IM_MODULE': 'ibus', 'PWD': '/home/cc/ee106a/fa26/class/ee106a-act/ros_workspaces/lab3/build/joint_control', 'EE106_ENV_SETUP': 'ur_ros2', 'CONTAINER_ID': 'ros2', 'LC_ALL': 'C.UTF-8', 'XDG_CONFIG_DIRS': '/etc/xdg/xdg-mate:/etc/xdg', 'CLUTTER_IM_MODULE': 'ibus', 'XDG_DATA_DIRS': '/usr/share/mate:/usr/share/mate:/usr/share/gnome:/home/cc/ee106a/fa26/class/ee106a-act/.local/share/flatpak/exports/share:/var/lib/flatpak/exports/share:/usr/local/share/:/usr/share/:/var/lib/snapd/desktop:/usr/local/share:/usr/share', 'PYTHONPATH': '/home/cc/ee106a/fa26/class/ee106a-act/ros_workspaces/lab3/build/joint_control/prefix_override:/usr/lib/python3/dist-packages/colcon_core/task/python/colcon_distutils_commands:/home/cc/ee106a/fa26/class/ee106a-act/ros_workspaces/lab3/install/joint_control/lib/python3.10/site-packages:/home/ff/ee106a/robot_workspaces/ur/install/ur7e_utils/lib/python3.10/site-packages:/opt/ros/humble/lib/python3.10/site-packages:/opt/ros/humble/local/lib/python3.10/dist-packages', 'MATE_DESKTOP_SESSION_ID': 'this-is-deprecated', 'COLCON': '1', 'MANPATH': '/usr/local/man:/usr/man:/usr/X11/man:/usr/local/man:/usr/man:/usr/X11/man::/share/b/grading/man:/share/b/grading/man', 'VTE_VERSION': '6800', 'EDITOR': 'emacs', 'QT_FONT_DPI': '122'}, 'shell': False}
[2.888770] (straight_line_interface) StdoutLine: {'line': b'-- Found Python3: /usr/bin/python3 (found version "3.10.12") found components: Interpreter \n'}
[2.906547] (-) TimerEvent: {}
[3.006766] (-) TimerEvent: {}
[3.053124] (tf_listener) StdoutLine: {'line': b'running egg_info\n'}
[3.053817] (tf_listener) StdoutLine: {'line': b'creating ../../build/tf_listener/tf_listener.egg-info\n'}
[3.054895] (forward_kinematics) StdoutLine: {'line': b'running egg_info\n'}
[3.055618] (forward_kinematics) StdoutLine: {'line': b'creating ../../build/forward_kinematics/forward_kinematics.egg-info\n'}
[3.055818] (tf_listener) StdoutLine: {'line': b'writing ../../build/tf_listener/tf_listener.egg-info/PKG-INFO\n'}
[3.058204] (forward_kinematics) StdoutLine: {'line': b'writing ../../build/forward_kinematics/forward_kinematics.egg-info/PKG-INFO\n'}
[3.061411] (tf_listener) StdoutLine: {'line': b'writing dependency_links to ../../build/tf_listener/tf_listener.egg-info/dependency_links.txt\n'}
[3.064202] (joint_control) StdoutLine: {'line': b'running egg_info\n'}
[3.064319] (forward_kinematics) StdoutLine: {'line': b'writing dependency_links to ../../build/forward_kinematics/forward_kinematics.egg-info/dependency_links.txt\n'}
[3.064601] (tf_listener) StdoutLine: {'line': b'writing entry points to ../../build/tf_listener/tf_listener.egg-info/entry_points.txt\n'}
[3.064946] (joint_control) StdoutLine: {'line': b'creating ../../build/joint_control/joint_control.egg-info\n'}
[3.067165] (joint_control) StdoutLine: {'line': b'writing ../../build/joint_control/joint_control.egg-info/PKG-INFO\n'}
[3.067323] (tf_listener) StdoutLine: {'line': b'writing requirements to ../../build/tf_listener/tf_listener.egg-info/requires.txt\n'}
[3.067538] (forward_kinematics) StdoutLine: {'line': b'writing entry points to ../../build/forward_kinematics/forward_kinematics.egg-info/entry_points.txt\n'}
[3.069732] (tf_listener) StdoutLine: {'line': b'writing top-level names to ../../build/tf_listener/tf_listener.egg-info/top_level.txt\n'}
[3.070271] (forward_kinematics) StdoutLine: {'line': b'writing requirements to ../../build/forward_kinematics/forward_kinematics.egg-info/requires.txt\n'}
[3.072630] (tf_listener) StdoutLine: {'line': b"writing manifest file '../../build/tf_listener/tf_listener.egg-info/SOURCES.txt'\n"}
[3.072834] (forward_kinematics) StdoutLine: {'line': b'writing top-level names to ../../build/forward_kinematics/forward_kinematics.egg-info/top_level.txt\n'}
[3.073501] (joint_control) StdoutLine: {'line': b'writing dependency_links to ../../build/joint_control/joint_control.egg-info/dependency_links.txt\n'}
[3.075427] (forward_kinematics) StdoutLine: {'line': b"writing manifest file '../../build/forward_kinematics/forward_kinematics.egg-info/SOURCES.txt'\n"}
[3.076480] (joint_control) StdoutLine: {'line': b'writing entry points to ../../build/joint_control/joint_control.egg-info/entry_points.txt\n'}
[3.077942] (tf_listener) StdoutLine: {'line': b"reading manifest file '../../build/tf_listener/tf_listener.egg-info/SOURCES.txt'\n"}
[3.079226] (joint_control) StdoutLine: {'line': b'writing requirements to ../../build/joint_control/joint_control.egg-info/requires.txt\n'}
[3.079347] (tf_listener) StdoutLine: {'line': b"writing manifest file '../../build/tf_listener/tf_listener.egg-info/SOURCES.txt'\n"}
[3.080616] (tf_listener) StdoutLine: {'line': b'running build\n'}
[3.080707] (tf_listener) StdoutLine: {'line': b'running build_py\n'}
[3.081289] (forward_kinematics) StdoutLine: {'line': b"reading manifest file '../../build/forward_kinematics/forward_kinematics.egg-info/SOURCES.txt'\n"}
[3.081425] (tf_listener) StdoutLine: {'line': b'creating /home/cc/ee106a/fa26/class/ee106a-act/ros_workspaces/lab3/build/tf_listener/build\n'}
[3.082645] (tf_listener) StdoutLine: {'line': b'creating /home/cc/ee106a/fa26/class/ee106a-act/ros_workspaces/lab3/build/tf_listener/build/lib\n'}
[3.082846] (joint_control) StdoutLine: {'line': b'writing top-level names to ../../build/joint_control/joint_control.egg-info/top_level.txt\n'}
[3.082953] (forward_kinematics) StdoutLine: {'line': b"writing manifest file '../../build/forward_kinematics/forward_kinematics.egg-info/SOURCES.txt'\n"}
[3.084156] (forward_kinematics) StdoutLine: {'line': b'running build\n'}
[3.084280] (forward_kinematics) StdoutLine: {'line': b'running build_py\n'}
[3.084398] (tf_listener) StdoutLine: {'line': b'creating /home/cc/ee106a/fa26/class/ee106a-act/ros_workspaces/lab3/build/tf_listener/build/lib/tf_listener\n'}
[3.085014] (forward_kinematics) StdoutLine: {'line': b'creating /home/cc/ee106a/fa26/class/ee106a-act/ros_workspaces/lab3/build/forward_kinematics/build\n'}
[3.085887] (tf_listener) StdoutLine: {'line': b'copying tf_listener/__init__.py -> /home/cc/ee106a/fa26/class/ee106a-act/ros_workspaces/lab3/build/tf_listener/build/lib/tf_listener\n'}
[3.086095] (joint_control) StdoutLine: {'line': b"writing manifest file '../../build/joint_control/joint_control.egg-info/SOURCES.txt'\n"}
[3.086347] (forward_kinematics) StdoutLine: {'line': b'creating /home/cc/ee106a/fa26/class/ee106a-act/ros_workspaces/lab3/build/forward_kinematics/build/lib\n'}
[3.087495] (forward_kinematics) StdoutLine: {'line': b'creating /home/cc/ee106a/fa26/class/ee106a-act/ros_workspaces/lab3/build/forward_kinematics/build/lib/forward_kinematics\n'}
[3.089512] (tf_listener) StdoutLine: {'line': b'copying tf_listener/tf_listener.py -> /home/cc/ee106a/fa26/class/ee106a-act/ros_workspaces/lab3/build/tf_listener/build/lib/tf_listener\n'}
[3.089749] (forward_kinematics) StdoutLine: {'line': b'copying forward_kinematics/kin_func_skeleton.py -> /home/cc/ee106a/fa26/class/ee106a-act/ros_workspaces/lab3/build/forward_kinematics/build/lib/forward_kinematics\n'}
[3.094206] (joint_control) StdoutLine: {'line': b"reading manifest file '../../build/joint_control/joint_control.egg-info/SOURCES.txt'\n"}
[3.094835] (tf_listener) StdoutLine: {'line': b'running install\n'}
[3.095352] (forward_kinematics) StdoutLine: {'line': b'copying forward_kinematics/forward_kinematics_node.py -> /home/cc/ee106a/fa26/class/ee106a-act/ros_workspaces/lab3/build/forward_kinematics/build/lib/forward_kinematics\n'}
[3.095504] (tf_listener) StdoutLine: {'line': b'running install_lib\n'}
[3.096349] (joint_control) StdoutLine: {'line': b"writing manifest file '../../build/joint_control/joint_control.egg-info/SOURCES.txt'\n"}
[3.097375] (joint_control) StdoutLine: {'line': b'running build\n'}
[3.097601] (joint_control) StdoutLine: {'line': b'running build_py\n'}
[3.098343] (joint_control) StdoutLine: {'line': b'creating /home/cc/ee106a/fa26/class/ee106a-act/ros_workspaces/lab3/build/joint_control/build\n'}
[3.098943] (tf_listener) StdoutLine: {'line': b'creating /home/cc/ee106a/fa26/class/ee106a-act/ros_workspaces/lab3/install/tf_listener/lib/python3.10/site-packages/tf_listener\n'}
[3.099712] (joint_control) StdoutLine: {'line': b'creating /home/cc/ee106a/fa26/class/ee106a-act/ros_workspaces/lab3/build/joint_control/build/lib\n'}
[3.100368] (forward_kinematics) StdoutLine: {'line': b'copying forward_kinematics/__init__.py -> /home/cc/ee106a/fa26/class/ee106a-act/ros_workspaces/lab3/build/forward_kinematics/build/lib/forward_kinematics\n'}
[3.100644] (tf_listener) StdoutLine: {'line': b'copying /home/cc/ee106a/fa26/class/ee106a-act/ros_workspaces/lab3/build/tf_listener/build/lib/tf_listener/__init__.py -> /home/cc/ee106a/fa26/class/ee106a-act/ros_workspaces/lab3/install/tf_listener/lib/python3.10/site-packages/tf_listener\n'}
[3.100928] (joint_control) StdoutLine: {'line': b'creating /home/cc/ee106a/fa26/class/ee106a-act/ros_workspaces/lab3/build/joint_control/build/lib/joint_control\n'}
[3.102984] (joint_control) StdoutLine: {'line': b'copying joint_control/validate_trajectory.py -> /home/cc/ee106a/fa26/class/ee106a-act/ros_workspaces/lab3/build/joint_control/build/lib/joint_control\n'}
[3.104297] (forward_kinematics) StdoutLine: {'line': b'running install\n'}
[3.104622] (tf_listener) StdoutLine: {'line': b'copying /home/cc/ee106a/fa26/class/ee106a-act/ros_workspaces/lab3/build/tf_listener/build/lib/tf_listener/tf_listener.py -> /home/cc/ee106a/fa26/class/ee106a-act/ros_workspaces/lab3/install/tf_listener/lib/python3.10/site-packages/tf_listener\n'}
[3.104853] (forward_kinematics) StdoutLine: {'line': b'running install_lib\n'}
[3.106836] (-) TimerEvent: {}
[3.107939] (forward_kinematics) StdoutLine: {'line': b'creating /home/cc/ee106a/fa26/class/ee106a-act/ros_workspaces/lab3/install/forward_kinematics/lib/python3.10/site-packages/forward_kinematics\n'}
[3.109039] (joint_control) StdoutLine: {'line': b'copying joint_control/moveit_controller.py -> /home/cc/ee106a/fa26/class/ee106a-act/ros_workspaces/lab3/build/joint_control/build/lib/joint_control\n'}
[3.110337] (forward_kinematics) StdoutLine: {'line': b'copying /home/cc/ee106a/fa26/class/ee106a-act/ros_workspaces/lab3/build/forward_kinematics/build/lib/forward_kinematics/__init__.py -> /home/cc/ee106a/fa26/class/ee106a-act/ros_workspaces/lab3/install/forward_kinematics/lib/python3.10/site-packages/forward_kinematics\n'}
[3.111591] (tf_listener) StdoutLine: {'line': b'byte-compiling /home/cc/ee106a/fa26/class/ee106a-act/ros_workspaces/lab3/install/tf_listener/lib/python3.10/site-packages/tf_listener/__init__.py to __init__.cpython-310.pyc\n'}
[3.112736] (joint_control) StdoutLine: {'line': b'copying joint_control/joint_controller.py -> /home/cc/ee106a/fa26/class/ee106a-act/ros_workspaces/lab3/build/joint_control/build/lib/joint_control\n'}
[3.113958] (forward_kinematics) StdoutLine: {'line': b'copying /home/cc/ee106a/fa26/class/ee106a-act/ros_workspaces/lab3/build/forward_kinematics/build/lib/forward_kinematics/kin_func_skeleton.py -> /home/cc/ee106a/fa26/class/ee106a-act/ros_workspaces/lab3/install/forward_kinematics/lib/python3.10/site-packages/forward_kinematics\n'}
[3.118327] (joint_control) StdoutLine: {'line': b'copying joint_control/__init__.py -> /home/cc/ee106a/fa26/class/ee106a-act/ros_workspaces/lab3/build/joint_control/build/lib/joint_control\n'}
[3.118966] (forward_kinematics) StdoutLine: {'line': b'copying /home/cc/ee106a/fa26/class/ee106a-act/ros_workspaces/lab3/build/forward_kinematics/build/lib/forward_kinematics/forward_kinematics_node.py -> /home/cc/ee106a/fa26/class/ee106a-act/ros_workspaces/lab3/install/forward_kinematics/lib/python3.10/site-packages/forward_kinematics\n'}
[3.119079] (tf_listener) StdoutLine: {'line': b'byte-compiling /home/cc/ee106a/fa26/class/ee106a-act/ros_workspaces/lab3/install/tf_listener/lib/python3.10/site-packages/tf_listener/tf_listener.py to tf_listener.cpython-310.pyc\n'}
[3.122193] (joint_control) StdoutLine: {'line': b'running install\n'}
[3.122855] (joint_control) StdoutLine: {'line': b'running install_lib\n'}
[3.125314] (tf_listener) StdoutLine: {'line': b'running install_data\n'}
[3.125930] (tf_listener) StdoutLine: {'line': b'creating /home/cc/ee106a/fa26/class/ee106a-act/ros_workspaces/lab3/install/tf_listener/share/ament_index\n'}
[3.127026] (tf_listener) StdoutLine: {'line': b'creating /home/cc/ee106a/fa26/class/ee106a-act/ros_workspaces/lab3/install/tf_listener/share/ament_index/resource_index\n'}
[3.128360] (tf_listener) StdoutLine: {'line': b'creating /home/cc/ee106a/fa26/class/ee106a-act/ros_workspaces/lab3/install/tf_listener/share/ament_index/resource_index/packages\n'}
[3.129962] (tf_listener) StdoutLine: {'line': b'copying resource/tf_listener -> /home/cc/ee106a/fa26/class/ee106a-act/ros_workspaces/lab3/install/tf_listener/share/ament_index/resource_index/packages\n'}
[3.134993] (tf_listener) StdoutLine: {'line': b'copying package.xml -> /home/cc/ee106a/fa26/class/ee106a-act/ros_workspaces/lab3/install/tf_listener/share/tf_listener\n'}
[3.138629] (tf_listener) StdoutLine: {'line': b'running install_egg_info\n'}
[3.143782] (straight_line_interface) StdoutLine: {'line': b'-- Found geometry_msgs: 4.9.2 (/opt/ros/humble/share/geometry_msgs/cmake)\n'}
[3.144028] (forward_kinematics) StdoutLine: {'line': b'byte-compiling /home/cc/ee106a/fa26/class/ee106a-act/ros_workspaces/lab3/install/forward_kinematics/lib/python3.10/site-packages/forward_kinematics/__init__.py to __init__.cpython-310.pyc\n'}
[3.145890] (joint_control) StdoutLine: {'line': b'creating /home/cc/ee106a/fa26/class/ee106a-act/ros_workspaces/lab3/install/joint_control/lib/python3.10/site-packages/joint_control\n'}
[3.147146] (tf_listener) StdoutLine: {'line': b'Copying ../../build/tf_listener/tf_listener.egg-info to /home/cc/ee106a/fa26/class/ee106a-act/ros_workspaces/lab3/install/tf_listener/lib/python3.10/site-packages/tf_listener-0.0.0-py3.10.egg-info\n'}
[3.147587] (joint_control) StdoutLine: {'line': b'copying /home/cc/ee106a/fa26/class/ee106a-act/ros_workspaces/lab3/build/joint_control/build/lib/joint_control/__init__.py -> /home/cc/ee106a/fa26/class/ee106a-act/ros_workspaces/lab3/install/joint_control/lib/python3.10/site-packages/joint_control\n'}
[3.150568] (forward_kinematics) StdoutLine: {'line': b'byte-compiling /home/cc/ee106a/fa26/class/ee106a-act/ros_workspaces/lab3/install/forward_kinematics/lib/python3.10/site-packages/forward_kinematics/kin_func_skeleton.py to kin_func_skeleton.cpython-310.pyc\n'}
[3.151121] (joint_control) StdoutLine: {'line': b'copying /home/cc/ee106a/fa26/class/ee106a-act/ros_workspaces/lab3/build/joint_control/build/lib/joint_control/moveit_controller.py -> /home/cc/ee106a/fa26/class/ee106a-act/ros_workspaces/lab3/install/joint_control/lib/python3.10/site-packages/joint_control\n'}
[3.151945] (forward_kinematics) StderrLine: {'line': b'  File "/home/cc/ee106a/fa26/class/ee106a-act/ros_workspaces/lab3/install/forward_kinematics/lib/python3.10/site-packages/forward_kinematics/kin_func_skeleton.py", line 207\n'}
[3.152241] (forward_kinematics) StderrLine: {'line': b'    def twist_to_SE3(xi, theta = 1)\n'}
[3.152344] (forward_kinematics) StderrLine: {'line': b'                                   ^\n'}
[3.152425] (forward_kinematics) StderrLine: {'line': b"SyntaxError: expected ':'\n"}
[3.152503] (forward_kinematics) StderrLine: {'line': b'\n'}
[3.152581] (forward_kinematics) StdoutLine: {'line': b'byte-compiling /home/cc/ee106a/fa26/class/ee106a-act/ros_workspaces/lab3/install/forward_kinematics/lib/python3.10/site-packages/forward_kinematics/forward_kinematics_node.py to forward_kinematics_node.cpython-310.pyc\n'}
[3.155065] (joint_control) StdoutLine: {'line': b'copying /home/cc/ee106a/fa26/class/ee106a-act/ros_workspaces/lab3/build/joint_control/build/lib/joint_control/validate_trajectory.py -> /home/cc/ee106a/fa26/class/ee106a-act/ros_workspaces/lab3/install/joint_control/lib/python3.10/site-packages/joint_control\n'}
[3.158932] (forward_kinematics) StdoutLine: {'line': b'running install_data\n'}
[3.159351] (joint_control) StdoutLine: {'line': b'copying /home/cc/ee106a/fa26/class/ee106a-act/ros_workspaces/lab3/build/joint_control/build/lib/joint_control/joint_controller.py -> /home/cc/ee106a/fa26/class/ee106a-act/ros_workspaces/lab3/install/joint_control/lib/python3.10/site-packages/joint_control\n'}
[3.159779] (forward_kinematics) StdoutLine: {'line': b'creating /home/cc/ee106a/fa26/class/ee106a-act/ros_workspaces/lab3/install/forward_kinematics/share/ament_index\n'}
[3.160631] (forward_kinematics) StdoutLine: {'line': b'creating /home/cc/ee106a/fa26/class/ee106a-act/ros_workspaces/lab3/install/forward_kinematics/share/ament_index/resource_index\n'}
[3.162043] (forward_kinematics) StdoutLine: {'line': b'creating /home/cc/ee106a/fa26/class/ee106a-act/ros_workspaces/lab3/install/forward_kinematics/share/ament_index/resource_index/packages\n'}
[3.164465] (forward_kinematics) StdoutLine: {'line': b'copying resource/forward_kinematics -> /home/cc/ee106a/fa26/class/ee106a-act/ros_workspaces/lab3/install/forward_kinematics/share/ament_index/resource_index/packages\n'}
[3.168473] (forward_kinematics) StdoutLine: {'line': b'copying package.xml -> /home/cc/ee106a/fa26/class/ee106a-act/ros_workspaces/lab3/install/forward_kinematics/share/forward_kinematics\n'}
[3.173058] (forward_kinematics) StdoutLine: {'line': b'creating /home/cc/ee106a/fa26/class/ee106a-act/ros_workspaces/lab3/install/forward_kinematics/share/forward_kinematics/urdf\n'}
[3.174595] (forward_kinematics) StdoutLine: {'line': b'copying urdf/ur7e_flattened.urdf -> /home/cc/ee106a/fa26/class/ee106a-act/ros_workspaces/lab3/install/forward_kinematics/share/forward_kinematics/urdf\n'}
[3.177354] (joint_control) StdoutLine: {'line': b'byte-compiling /home/cc/ee106a/fa26/class/ee106a-act/ros_workspaces/lab3/install/joint_control/lib/python3.10/site-packages/joint_control/__init__.py to __init__.cpython-310.pyc\n'}
[3.179910] (forward_kinematics) StdoutLine: {'line': b'running install_egg_info\n'}
[3.184345] (forward_kinematics) StdoutLine: {'line': b'Copying ../../build/forward_kinematics/forward_kinematics.egg-info to /home/cc/ee106a/fa26/class/ee106a-act/ros_workspaces/lab3/install/forward_kinematics/lib/python3.10/site-packages/forward_kinematics-0.0.0-py3.10.egg-info\n'}
[3.184564] (tf_listener) StdoutLine: {'line': b'running install_scripts\n'}
[3.184880] (joint_control) StdoutLine: {'line': b'byte-compiling /home/cc/ee106a/fa26/class/ee106a-act/ros_workspaces/lab3/install/joint_control/lib/python3.10/site-packages/joint_control/moveit_controller.py to moveit_controller.cpython-310.pyc\n'}
[3.190064] (joint_control) StdoutLine: {'line': b'byte-compiling /home/cc/ee106a/fa26/class/ee106a-act/ros_workspaces/lab3/install/joint_control/lib/python3.10/site-packages/joint_control/validate_trajectory.py to validate_trajectory.cpython-310.pyc\n'}
[3.196894] (joint_control) StdoutLine: {'line': b'byte-compiling /home/cc/ee106a/fa26/class/ee106a-act/ros_workspaces/lab3/install/joint_control/lib/python3.10/site-packages/joint_control/joint_controller.py to joint_controller.cpython-310.pyc\n'}
[3.201895] (joint_control) StdoutLine: {'line': b'running install_data\n'}
[3.202544] (joint_control) StdoutLine: {'line': b'creating /home/cc/ee106a/fa26/class/ee106a-act/ros_workspaces/lab3/install/joint_control/share/ament_index\n'}
[3.203582] (joint_control) StdoutLine: {'line': b'creating /home/cc/ee106a/fa26/class/ee106a-act/ros_workspaces/lab3/install/joint_control/share/ament_index/resource_index\n'}
[3.204767] (joint_control) StdoutLine: {'line': b'creating /home/cc/ee106a/fa26/class/ee106a-act/ros_workspaces/lab3/install/joint_control/share/ament_index/resource_index/packages\n'}
[3.206300] (joint_control) StdoutLine: {'line': b'copying resource/joint_control -> /home/cc/ee106a/fa26/class/ee106a-act/ros_workspaces/lab3/install/joint_control/share/ament_index/resource_index/packages\n'}
[3.206914] (-) TimerEvent: {}
[3.209981] (joint_control) StdoutLine: {'line': b'copying package.xml -> /home/cc/ee106a/fa26/class/ee106a-act/ros_workspaces/lab3/install/joint_control/share/joint_control\n'}
[3.214076] (joint_control) StdoutLine: {'line': b'running install_egg_info\n'}
[3.217244] (joint_control) StdoutLine: {'line': b'Copying ../../build/joint_control/joint_control.egg-info to /home/cc/ee106a/fa26/class/ee106a-act/ros_workspaces/lab3/install/joint_control/lib/python3.10/site-packages/joint_control-0.0.0-py3.10.egg-info\n'}
[3.220441] (forward_kinematics) StdoutLine: {'line': b'running install_scripts\n'}
[3.231568] (tf_listener) StdoutLine: {'line': b"writing list of installed files to '/home/cc/ee106a/fa26/class/ee106a-act/ros_workspaces/lab3/build/tf_listener/install.log'\n"}
[3.249015] (tf_listener) CommandEnded: {'returncode': 0}
[3.254205] (joint_control) StdoutLine: {'line': b'running install_scripts\n'}
[3.256384] (forward_kinematics) StdoutLine: {'line': b"writing list of installed files to '/home/cc/ee106a/fa26/class/ee106a-act/ros_workspaces/lab3/build/forward_kinematics/install.log'\n"}
[3.273146] (joint_control) StdoutLine: {'line': b'Installing validate_trajectory script to /home/cc/ee106a/fa26/class/ee106a-act/ros_workspaces/lab3/install/joint_control/lib/joint_control\n'}
[3.277880] (joint_control) StdoutLine: {'line': b"writing list of installed files to '/home/cc/ee106a/fa26/class/ee106a-act/ros_workspaces/lab3/build/joint_control/install.log'\n"}
[3.306984] (-) TimerEvent: {}
[3.319071] (straight_line_interface) StdoutLine: {'line': b'-- Found rosidl_generator_c: 3.1.9 (/opt/ros/humble/share/rosidl_generator_c/cmake)\n'}
[3.331835] (straight_line_interface) StdoutLine: {'line': b'-- Found rosidl_adapter: 3.1.9 (/opt/ros/humble/share/rosidl_adapter/cmake)\n'}
[3.336436] (tf_listener) JobEnded: {'identifier': 'tf_listener', 'rc': 0}
[3.347034] (forward_kinematics) CommandEnded: {'returncode': 0}
[3.357220] (straight_line_interface) StdoutLine: {'line': b'-- Found rosidl_generator_cpp: 3.1.9 (/opt/ros/humble/share/rosidl_generator_cpp/cmake)\n'}
[3.407074] (-) TimerEvent: {}
[3.409576] (forward_kinematics) JobEnded: {'identifier': 'forward_kinematics', 'rc': 0}
[3.420490] (joint_control) CommandEnded: {'returncode': 0}
[3.427985] (straight_line_interface) StdoutLine: {'line': b'-- Using all available rosidl_typesupport_c: rosidl_typesupport_fastrtps_c;rosidl_typesupport_introspection_c\n'}
[3.468375] (joint_control) JobEnded: {'identifier': 'joint_control', 'rc': 0}
[3.485140] (straight_line_interface) StdoutLine: {'line': b'-- Using all available rosidl_typesupport_cpp: rosidl_typesupport_fastrtps_cpp;rosidl_typesupport_introspection_cpp\n'}
[3.507142] (-) TimerEvent: {}
[3.533628] (straight_line_interface) StdoutLine: {'line': b'-- Found rosidl_default_generators: 1.2.1 (/opt/ros/humble/share/rosidl_default_generators/cmake)\n'}
[3.607262] (-) TimerEvent: {}
[3.707674] (-) TimerEvent: {}
[3.808128] (-) TimerEvent: {}
[3.908459] (-) TimerEvent: {}
[4.008732] (-) TimerEvent: {}
[4.108962] (-) TimerEvent: {}
[4.209177] (-) TimerEvent: {}
[4.309657] (-) TimerEvent: {}
[4.409983] (-) TimerEvent: {}
[4.510301] (-) TimerEvent: {}
[4.580065] (straight_line_interface) StdoutLine: {'line': b'-- Found ament_cmake_ros: 0.10.0 (/opt/ros/humble/share/ament_cmake_ros/cmake)\n'}
[4.610406] (-) TimerEvent: {}
[4.710734] (-) TimerEvent: {}
[4.811027] (-) TimerEvent: {}
[4.911290] (-) TimerEvent: {}
[5.011611] (-) TimerEvent: {}
[5.111883] (-) TimerEvent: {}
[5.212216] (-) TimerEvent: {}
[5.312507] (-) TimerEvent: {}
[5.412762] (-) TimerEvent: {}
[5.513045] (-) TimerEvent: {}
[5.613388] (-) TimerEvent: {}
[5.713723] (-) TimerEvent: {}
[5.814047] (-) TimerEvent: {}
[5.914363] (-) TimerEvent: {}
[6.014658] (-) TimerEvent: {}
[6.114942] (-) TimerEvent: {}
[6.215199] (-) TimerEvent: {}
[6.315493] (-) TimerEvent: {}
[6.415790] (-) TimerEvent: {}
[6.515983] (-) TimerEvent: {}
[6.616301] (-) TimerEvent: {}
[6.716589] (-) TimerEvent: {}
[6.816882] (-) TimerEvent: {}
[6.917296] (-) TimerEvent: {}
[6.940838] (straight_line_interface) StdoutLine: {'line': b'-- Using all available rosidl_typesupport_c: rosidl_typesupport_fastrtps_c;rosidl_typesupport_introspection_c\n'}
[7.017388] (-) TimerEvent: {}
[7.117677] (-) TimerEvent: {}
[7.217974] (-) TimerEvent: {}
[7.318286] (-) TimerEvent: {}
[7.418729] (-) TimerEvent: {}
[7.519161] (-) TimerEvent: {}
[7.619450] (-) TimerEvent: {}
[7.719777] (-) TimerEvent: {}
[7.765008] (straight_line_interface) StdoutLine: {'line': b'-- Using all available rosidl_typesupport_cpp: rosidl_typesupport_fastrtps_cpp;rosidl_typesupport_introspection_cpp\n'}
[7.819860] (-) TimerEvent: {}
[7.830733] (straight_line_interface) StdoutLine: {'line': b'-- Found PythonInterp: /usr/bin/python3 (found suitable version "3.10.12", minimum required is "3.6") \n'}
[7.837408] (straight_line_interface) StdoutLine: {'line': b'-- Found python_cmake_module: 0.10.0 (/opt/ros/humble/share/python_cmake_module/cmake)\n'}
[7.919969] (-) TimerEvent: {}
[7.925225] (straight_line_interface) StdoutLine: {'line': b'-- Found PythonLibs: /usr/lib/x86_64-linux-gnu/libpython3.10.so (found suitable version "3.10.12", minimum required is "3.5") \n'}
[7.925593] (straight_line_interface) StdoutLine: {'line': b'-- Using PYTHON_EXECUTABLE: /usr/bin/python3\n'}
[7.925707] (straight_line_interface) StdoutLine: {'line': b'-- Using PYTHON_INCLUDE_DIRS: /usr/include/python3.10\n'}
[7.925797] (straight_line_interface) StdoutLine: {'line': b'-- Using PYTHON_LIBRARIES: /usr/lib/x86_64-linux-gnu/libpython3.10.so\n'}
[7.987189] (straight_line_interface) StdoutLine: {'line': b'-- Found PythonExtra: .so  \n'}
[8.020020] (-) TimerEvent: {}
[8.120195] (-) TimerEvent: {}
[8.220478] (-) TimerEvent: {}
[8.320781] (-) TimerEvent: {}
[8.421196] (-) TimerEvent: {}
[8.521621] (-) TimerEvent: {}
[8.622141] (-) TimerEvent: {}
[8.722562] (-) TimerEvent: {}
[8.823040] (-) TimerEvent: {}
[8.873388] (straight_line_interface) StdoutLine: {'line': b'-- Found ament_lint_auto: 0.12.15 (/opt/ros/humble/share/ament_lint_auto/cmake)\n'}
[8.923157] (-) TimerEvent: {}
[9.023595] (-) TimerEvent: {}
[9.124126] (-) TimerEvent: {}
[9.224662] (-) TimerEvent: {}
[9.325214] (-) TimerEvent: {}
[9.418662] (straight_line_interface) StdoutLine: {'line': b"-- Added test 'lint_cmake' to check CMake code style\n"}
[9.425461] (-) TimerEvent: {}
[9.430722] (straight_line_interface) StdoutLine: {'line': b"-- Added test 'xmllint' to check XML markup files\n"}
[9.525690] (-) TimerEvent: {}
[9.568368] (straight_line_interface) StdoutLine: {'line': b'-- Configuring done\n'}
[9.625936] (-) TimerEvent: {}
[9.726421] (-) TimerEvent: {}
[9.826744] (-) TimerEvent: {}
[9.927150] (-) TimerEvent: {}
[10.027501] (-) TimerEvent: {}
[10.127793] (-) TimerEvent: {}
[10.228087] (-) TimerEvent: {}
[10.328398] (-) TimerEvent: {}
[10.428689] (-) TimerEvent: {}
[10.528828] (-) TimerEvent: {}
[10.534176] (straight_line_interface) StdoutLine: {'line': b'-- Generating done\n'}
[10.628948] (-) TimerEvent: {}
[10.729108] (-) TimerEvent: {}
[10.729970] (straight_line_interface) StdoutLine: {'line': b'-- Build files have been written to: /home/cc/ee106a/fa26/class/ee106a-act/ros_workspaces/lab3/build/straight_line_interface\n'}
[10.736478] (straight_line_interface) CommandEnded: {'returncode': 0}
[10.737531] (straight_line_interface) JobProgress: {'identifier': 'straight_line_interface', 'progress': 'build'}
[10.747659] (straight_line_interface) Command: {'cmd': ['/usr/bin/cmake', '--build', '/home/cc/ee106a/fa26/class/ee106a-act/ros_workspaces/lab3/build/straight_line_interface', '--', '-j32', '-l32'], 'cwd': '/home/cc/ee106a/fa26/class/ee106a-act/ros_workspaces/lab3/build/straight_line_interface', 'env': OrderedDict([('ARCH', 'x86_64'), ('QT_SCALE_FACTOR', '1'), ('USER', 'ee106a-act'), ('XAUTHLOCALHOSTNAME', 'source install/bas'), ('HOSTNAME', 'ros2'), ('XDG_SESSION_TYPE', 'x11'), ('MASTERDIR', '/home/ff/ee106a'), ('COMPIZ_CONFIG_PROFILE', 'mate'), ('XDG_CACHE_HOME', '/home/cc/ee106a/fa26/class/ee106a-act/.cache'), ('SHLVL', '2'), ('LD_LIBRARY_PATH', '/usr/lib/x86_64-linux-gnu/gazebo-11/plugins:/opt/ros/humble/opt/rviz_ogre_vendor/lib:/opt/ros/humble/lib/x86_64-linux-gnu:/opt/ros/humble/lib'), ('HOME', '/home/cc/ee106a/fa26/class/ee106a-act'), ('OLDPWD', '/home/cc/ee106a/fa26/class/ee106a-act'), ('DESKTOP_SESSION', 'mate'), ('ROS_PYTHON_VERSION', '3'), ('GTK_MODULES', 'gail:atk-bridge:appmenu-gtk-module:gail:atk-bridge:canberra-gtk-module'), ('EE106_UR_ROBOT_IP', '192.168.1.103'), ('DISTROBOX_ENTER_PATH', '/usr/local/bin/distrobox-enter'), ('SYSTEMD_EXEC_PID', '880739'), ('NNTPSERVER', 'news.csua.berkeley.edu'), ('VISUAL', 'emacs'), ('XDG_STATE_HOME', '/home/cc/ee106a/fa26/class/ee106a-act/.local/state'), ('DBUS_SESSION_BUS_ADDRESS', 'unix:path=/run/user/90936/bus'), ('COLORTERM', 'truecolor'), ('container', 'podman'), ('UBUNTU_MENUPROXY', '1'), ('QT_QPA_PLATFORMTHEME', 'gtk2'), ('COLCON_PREFIX_PATH', '/home/ff/ee106a/robot_workspaces/ur/install'), ('ROS_DISTRO', 'humble'), ('GTK_IM_MODULE', 'ibus'), ('LOGNAME', 'ee106a-act'), ('MASTER', 'ee106a'), ('WINDOWID', '58720262'), ('ROS_VERSION', '2'), ('XDG_SESSION_CLASS', 'user'), ('TERMINFO_DIRS', '/usr/share/terminfo:/run/host/usr/share/terminfo'), ('USERNAME', 'ee106a-act'), ('TERM', 'xterm-256color'), ('GTK_OVERLAY_SCROLLING', '0'), ('XDG_SESSION_ID', '1136'), ('ROS_LOCALHOST_ONLY', '0'), ('WINDOWPATH', '2'), ('PATH', '/opt/ros/humble/bin:/share/b/grading/bin:/home/ff/ee106a/bin:/home/ff/ee106a/bin/arch/x86_64:/share/b/grading/bin:/home/ff/ee106a/bin:/home/ff/ee106a/bin/arch/x86_64:/usr/local/sbin:/usr/local/bin:/usr/sbin:/usr/bin:/sbin:/bin:/usr/games:/usr/local/games:/snap/bin:/snap/bin:/share/b/grading/bin:/share/b/grading/sbin::/share/b/bin:/home/ff/ee106a/venvs/all:/usr/local/sbin:/usr/local/bin:/usr/sbin:/usr/bin:/sbin:/bin:/share/b/grading/bin:/share/b/grading/sbin::/share/b/bin:/home/ff/ee106a/venvs/all'), ('SESSION_MANAGER', 'local/c105-9:@/tmp/.ICE-unix/880833,unix/c105-9:/tmp/.ICE-unix/880833'), ('OS', 'Linux'), ('XDG_RUNTIME_DIR', '/run/user/90936'), ('DISPLAY', ':1'), ('LANG', 'en_US.UTF-8'), ('XDG_CURRENT_DESKTOP', 'MATE'), ('XDG_DATA_HOME', '/home/cc/ee106a/fa26/class/ee106a-act/.local/share'), ('XDG_CONFIG_HOME', '/home/cc/ee106a/fa26/class/ee106a-act/.config'), ('XMODIFIERS', '@im=ibus'), ('XDG_SESSION_DESKTOP', 'mate'), ('XAUTHORITY', '/run/user/90936/gdm/Xauthority'), ('SSH_AUTH_SOCK', '/run/user/90936/keyring/ssh'), ('ROS_DOMAIN_ID', '29'), ('AMENT_PREFIX_PATH', '/home/ff/ee106a/robot_workspaces/ur/install/ur7e_utils:/opt/ros/humble'), ('SHELL', '/usr/bin/bash'), ('QT_ACCESSIBILITY', '1'), ('EE106_UR_ROBOT_NAME', 'wall-e'), ('GDMSESSION', 'mate'), ('GPG_AGENT_INFO', '/run/user/90936/gnupg/S.gpg-agent:0:1'), ('CONFIG_SHELL', '/usr/bin/ksh'), ('QT_IM_MODULE', 'ibus'), ('PWD', '/home/cc/ee106a/fa26/class/ee106a-act/ros_workspaces/lab3/build/straight_line_interface'), ('EE106_ENV_SETUP', 'ur_ros2'), ('CONTAINER_ID', 'ros2'), ('LC_ALL', 'C.UTF-8'), ('XDG_CONFIG_DIRS', '/etc/xdg/xdg-mate:/etc/xdg'), ('CLUTTER_IM_MODULE', 'ibus'), ('XDG_DATA_DIRS', '/usr/share/mate:/usr/share/mate:/usr/share/gnome:/home/cc/ee106a/fa26/class/ee106a-act/.local/share/flatpak/exports/share:/var/lib/flatpak/exports/share:/usr/local/share/:/usr/share/:/var/lib/snapd/desktop:/usr/local/share:/usr/share'), ('PYTHONPATH', '/home/ff/ee106a/robot_workspaces/ur/install/ur7e_utils/lib/python3.10/site-packages:/opt/ros/humble/lib/python3.10/site-packages:/opt/ros/humble/local/lib/python3.10/dist-packages'), ('MATE_DESKTOP_SESSION_ID', 'this-is-deprecated'), ('COLCON', '1'), ('MANPATH', '/usr/local/man:/usr/man:/usr/X11/man:/usr/local/man:/usr/man:/usr/X11/man::/share/b/grading/man:/share/b/grading/man'), ('VTE_VERSION', '6800'), ('EDITOR', 'emacs'), ('QT_FONT_DPI', '122'), ('CMAKE_PREFIX_PATH', '/home/ff/ee106a/robot_workspaces/ur/install/ur7e_utils:/opt/ros/humble')]), 'shell': False}
[10.829259] (-) TimerEvent: {}
[10.893351] (straight_line_interface) StdoutLine: {'line': b'[  3%] \x1b[34m\x1b[1mGenerating C code for ROS interfaces\x1b[0m\n'}
[10.929385] (-) TimerEvent: {}
[10.931288] (straight_line_interface) StdoutLine: {'line': b'[  9%] \x1b[34m\x1b[1mGenerating Rust code for ROS interfaces\x1b[0m\n'}
[10.932457] (straight_line_interface) StdoutLine: {'line': b'[  9%] \x1b[34m\x1b[1mGenerating C++ code for ROS interfaces\x1b[0m\n'}
[10.966052] (straight_line_interface) StdoutLine: {'line': b'[  9%] Built target ament_cmake_python_copy_straight_line_interface\n'}
[11.029470] (-) TimerEvent: {}
[11.129738] (-) TimerEvent: {}
[11.185770] (straight_line_interface) StdoutLine: {'line': b'running egg_info\n'}
[11.186553] (straight_line_interface) StdoutLine: {'line': b'creating straight_line_interface.egg-info\n'}
[11.188499] (straight_line_interface) StdoutLine: {'line': b'writing straight_line_interface.egg-info/PKG-INFO\n'}
[11.192043] (straight_line_interface) StdoutLine: {'line': b'writing dependency_links to straight_line_interface.egg-info/dependency_links.txt\n'}
[11.195455] (straight_line_interface) StdoutLine: {'line': b'writing top-level names to straight_line_interface.egg-info/top_level.txt\n'}
[11.198104] (straight_line_interface) StdoutLine: {'line': b"writing manifest file 'straight_line_interface.egg-info/SOURCES.txt'\n"}
[11.203990] (straight_line_interface) StdoutLine: {'line': b"reading manifest file 'straight_line_interface.egg-info/SOURCES.txt'\n"}
[11.204780] (straight_line_interface) StdoutLine: {'line': b"writing manifest file 'straight_line_interface.egg-info/SOURCES.txt'\n"}
[11.219986] (straight_line_interface) StdoutLine: {'line': b'[  9%] Built target straight_line_interface__rs\n'}
[11.225409] (straight_line_interface) StdoutLine: {'line': b'[  9%] Built target ament_cmake_python_build_straight_line_interface_egg\n'}
[11.229795] (-) TimerEvent: {}
[11.305754] (straight_line_interface) StdoutLine: {'line': b'[ 12%] \x1b[32mBuilding C object CMakeFiles/straight_line_interface__rosidl_generator_c.dir/rosidl_generator_c/straight_line_interface/action/detail/move_straight__functions.c.o\x1b[0m\n'}
[11.310696] (straight_line_interface) StdoutLine: {'line': b'[ 12%] Built target straight_line_interface__cpp\n'}
[11.329930] (-) TimerEvent: {}
[11.384799] (straight_line_interface) StdoutLine: {'line': b'[ 18%] \x1b[34m\x1b[1mGenerating C++ type support for eProsima Fast-RTPS\x1b[0m\n'}
[11.385492] (straight_line_interface) StdoutLine: {'line': b'[ 18%] \x1b[34m\x1b[1mGenerating C++ type support dispatch for ROS interfaces\x1b[0m\n'}
[11.390722] (straight_line_interface) StdoutLine: {'line': b'[ 21%] \x1b[34m\x1b[1mGenerating C++ introspection for ROS interfaces\x1b[0m\n'}
[11.430088] (-) TimerEvent: {}
[11.530596] (-) TimerEvent: {}
[11.630999] (-) TimerEvent: {}
[11.714936] (straight_line_interface) StdoutLine: {'line': b'[ 25%] \x1b[32m\x1b[1mLinking C shared library libstraight_line_interface__rosidl_generator_c.so\x1b[0m\n'}
[11.731058] (-) TimerEvent: {}
[11.771610] (straight_line_interface) StdoutLine: {'line': b'[ 25%] Built target straight_line_interface__rosidl_generator_c\n'}
[11.792400] (straight_line_interface) StdoutLine: {'line': b'[ 34%] \x1b[34m\x1b[1mGenerating C type support for eProsima Fast-RTPS\x1b[0m\n'}
[11.792543] (straight_line_interface) StdoutLine: {'line': b'[ 34%] \x1b[34m\x1b[1mGenerating C type support dispatch for ROS interfaces\x1b[0m\n'}
[11.793269] (straight_line_interface) StdoutLine: {'line': b'[ 34%] \x1b[34m\x1b[1mGenerating C introspection for ROS interfaces\x1b[0m\n'}
[11.817499] (straight_line_interface) StdoutLine: {'line': b'[ 37%] \x1b[32mBuilding CXX object CMakeFiles/straight_line_interface__rosidl_typesupport_cpp.dir/rosidl_typesupport_cpp/straight_line_interface/action/move_straight__type_support.cpp.o\x1b[0m\n'}
[11.831142] (-) TimerEvent: {}
[11.879773] (straight_line_interface) StdoutLine: {'line': b'[ 40%] \x1b[32mBuilding CXX object CMakeFiles/straight_line_interface__rosidl_typesupport_introspection_cpp.dir/rosidl_typesupport_introspection_cpp/straight_line_interface/action/detail/move_straight__type_support.cpp.o\x1b[0m\n'}
[11.896271] (straight_line_interface) StdoutLine: {'line': b'[ 43%] \x1b[32mBuilding CXX object CMakeFiles/straight_line_interface__rosidl_typesupport_fastrtps_cpp.dir/rosidl_typesupport_fastrtps_cpp/straight_line_interface/action/detail/dds_fastrtps/move_straight__type_support.cpp.o\x1b[0m\n'}
[11.931226] (-) TimerEvent: {}
[12.031440] (-) TimerEvent: {}
[12.062716] (straight_line_interface) StdoutLine: {'line': b'[ 46%] \x1b[32mBuilding CXX object CMakeFiles/straight_line_interface__rosidl_typesupport_c.dir/rosidl_typesupport_c/straight_line_interface/action/move_straight__type_support.cpp.o\x1b[0m\n'}
[12.121615] (straight_line_interface) StdoutLine: {'line': b'[ 50%] \x1b[32mBuilding C object CMakeFiles/straight_line_interface__rosidl_typesupport_introspection_c.dir/rosidl_typesupport_introspection_c/straight_line_interface/action/detail/move_straight__type_support.c.o\x1b[0m\n'}
[12.131500] (-) TimerEvent: {}
[12.143639] (straight_line_interface) StdoutLine: {'line': b'[ 53%] \x1b[32mBuilding CXX object CMakeFiles/straight_line_interface__rosidl_typesupport_fastrtps_c.dir/rosidl_typesupport_fastrtps_c/straight_line_interface/action/detail/move_straight__type_support_c.cpp.o\x1b[0m\n'}
[12.147328] (straight_line_interface) StdoutLine: {'line': b'[ 56%] \x1b[32m\x1b[1mLinking CXX shared library libstraight_line_interface__rosidl_typesupport_c.so\x1b[0m\n'}
[12.202087] (straight_line_interface) StdoutLine: {'line': b'[ 59%] \x1b[32m\x1b[1mLinking C shared library libstraight_line_interface__rosidl_typesupport_introspection_c.so\x1b[0m\n'}
[12.207863] (straight_line_interface) StdoutLine: {'line': b'[ 59%] Built target straight_line_interface__rosidl_typesupport_c\n'}
[12.231614] (-) TimerEvent: {}
[12.256057] (straight_line_interface) StdoutLine: {'line': b'[ 59%] Built target straight_line_interface__rosidl_typesupport_introspection_c\n'}
[12.291492] (straight_line_interface) StdoutLine: {'line': b'[ 62%] \x1b[32m\x1b[1mLinking CXX shared library libstraight_line_interface__rosidl_typesupport_cpp.so\x1b[0m\n'}
[12.331708] (-) TimerEvent: {}
[12.349491] (straight_line_interface) StdoutLine: {'line': b'[ 62%] Built target straight_line_interface__rosidl_typesupport_cpp\n'}
[12.383761] (straight_line_interface) StdoutLine: {'line': b'[ 65%] \x1b[32m\x1b[1mLinking CXX shared library libstraight_line_interface__rosidl_typesupport_introspection_cpp.so\x1b[0m\n'}
[12.399988] (straight_line_interface) StdoutLine: {'line': b'[ 68%] \x1b[32m\x1b[1mLinking CXX shared library libstraight_line_interface__rosidl_typesupport_fastrtps_cpp.so\x1b[0m\n'}
[12.431805] (-) TimerEvent: {}
[12.444948] (straight_line_interface) StdoutLine: {'line': b'[ 71%] \x1b[32m\x1b[1mLinking CXX shared library libstraight_line_interface__rosidl_typesupport_fastrtps_c.so\x1b[0m\n'}
[12.465860] (straight_line_interface) StdoutLine: {'line': b'[ 71%] Built target straight_line_interface__rosidl_typesupport_introspection_cpp\n'}
[12.477662] (straight_line_interface) StdoutLine: {'line': b'[ 71%] Built target straight_line_interface__rosidl_typesupport_fastrtps_cpp\n'}
[12.531937] (-) TimerEvent: {}
[12.551528] (straight_line_interface) StdoutLine: {'line': b'[ 71%] Built target straight_line_interface__rosidl_typesupport_fastrtps_c\n'}
[12.617775] (straight_line_interface) StdoutLine: {'line': b'[ 71%] Built target straight_line_interface\n'}
[12.632036] (-) TimerEvent: {}
[12.683590] (straight_line_interface) StdoutLine: {'line': b'[ 75%] \x1b[34m\x1b[1mGenerating Python code for ROS interfaces\x1b[0m\n'}
[12.732137] (-) TimerEvent: {}
[12.832568] (-) TimerEvent: {}
[12.932879] (-) TimerEvent: {}
[13.033204] (-) TimerEvent: {}
[13.133464] (-) TimerEvent: {}
[13.233728] (-) TimerEvent: {}
[13.249601] (straight_line_interface) StdoutLine: {'line': b'[ 75%] Built target straight_line_interface__py\n'}
[13.320566] (straight_line_interface) StdoutLine: {'line': b'[ 78%] \x1b[32mBuilding C object CMakeFiles/straight_line_interface__rosidl_generator_py.dir/rosidl_generator_py/straight_line_interface/action/_move_straight_s.c.o\x1b[0m\n'}
[13.333810] (-) TimerEvent: {}
[13.434129] (-) TimerEvent: {}
[13.534388] (-) TimerEvent: {}
[13.540891] (straight_line_interface) StdoutLine: {'line': b'[ 81%] \x1b[32m\x1b[1mLinking C shared library rosidl_generator_py/straight_line_interface/libstraight_line_interface__rosidl_generator_py.so\x1b[0m\n'}
[13.634487] (-) TimerEvent: {}
[13.692759] (straight_line_interface) StdoutLine: {'line': b'[ 81%] Built target straight_line_interface__rosidl_generator_py\n'}
[13.734583] (-) TimerEvent: {}
[13.786667] (straight_line_interface) StdoutLine: {'line': b'[ 84%] \x1b[32mBuilding C object CMakeFiles/straight_line_interface__rosidl_typesupport_introspection_c__pyext.dir/rosidl_generator_py/straight_line_interface/_straight_line_interface_s.ep.rosidl_typesupport_introspection_c.c.o\x1b[0m\n'}
[13.790247] (straight_line_interface) StdoutLine: {'line': b'[ 90%] \x1b[32mBuilding C object CMakeFiles/straight_line_interface__rosidl_typesupport_fastrtps_c__pyext.dir/rosidl_generator_py/straight_line_interface/_straight_line_interface_s.ep.rosidl_typesupport_fastrtps_c.c.o\x1b[0m\n'}
[13.790638] (straight_line_interface) StdoutLine: {'line': b'[ 90%] \x1b[32mBuilding C object CMakeFiles/straight_line_interface__rosidl_typesupport_c__pyext.dir/rosidl_generator_py/straight_line_interface/_straight_line_interface_s.ep.rosidl_typesupport_c.c.o\x1b[0m\n'}
[13.834650] (-) TimerEvent: {}
[13.916887] (straight_line_interface) StdoutLine: {'line': b'[ 96%] \x1b[32m\x1b[1mLinking C shared library rosidl_generator_py/straight_line_interface/straight_line_interface_s__rosidl_typesupport_c.cpython-310-x86_64-linux-gnu.so\x1b[0m\n'}
[13.917469] (straight_line_interface) StdoutLine: {'line': b'[ 96%] \x1b[32m\x1b[1mLinking C shared library rosidl_generator_py/straight_line_interface/straight_line_interface_s__rosidl_typesupport_fastrtps_c.cpython-310-x86_64-linux-gnu.so\x1b[0m\n'}
[13.929684] (straight_line_interface) StdoutLine: {'line': b'[100%] \x1b[32m\x1b[1mLinking C shared library rosidl_generator_py/straight_line_interface/straight_line_interface_s__rosidl_typesupport_introspection_c.cpython-310-x86_64-linux-gnu.so\x1b[0m\n'}
[13.934721] (-) TimerEvent: {}
[14.021469] (straight_line_interface) StdoutLine: {'line': b'[100%] Built target straight_line_interface__rosidl_typesupport_c__pyext\n'}
[14.023985] (straight_line_interface) StdoutLine: {'line': b'[100%] Built target straight_line_interface__rosidl_typesupport_introspection_c__pyext\n'}
[14.024953] (straight_line_interface) StdoutLine: {'line': b'[100%] Built target straight_line_interface__rosidl_typesupport_fastrtps_c__pyext\n'}
[14.034790] (-) TimerEvent: {}
[14.088988] (straight_line_interface) CommandEnded: {'returncode': 0}
[14.091611] (straight_line_interface) JobProgress: {'identifier': 'straight_line_interface', 'progress': 'install'}
[14.135024] (straight_line_interface) Command: {'cmd': ['/usr/bin/cmake', '--install', '/home/cc/ee106a/fa26/class/ee106a-act/ros_workspaces/lab3/build/straight_line_interface'], 'cwd': '/home/cc/ee106a/fa26/class/ee106a-act/ros_workspaces/lab3/build/straight_line_interface', 'env': OrderedDict([('ARCH', 'x86_64'), ('QT_SCALE_FACTOR', '1'), ('USER', 'ee106a-act'), ('XAUTHLOCALHOSTNAME', 'source install/bas'), ('HOSTNAME', 'ros2'), ('XDG_SESSION_TYPE', 'x11'), ('MASTERDIR', '/home/ff/ee106a'), ('COMPIZ_CONFIG_PROFILE', 'mate'), ('XDG_CACHE_HOME', '/home/cc/ee106a/fa26/class/ee106a-act/.cache'), ('SHLVL', '2'), ('LD_LIBRARY_PATH', '/usr/lib/x86_64-linux-gnu/gazebo-11/plugins:/opt/ros/humble/opt/rviz_ogre_vendor/lib:/opt/ros/humble/lib/x86_64-linux-gnu:/opt/ros/humble/lib'), ('HOME', '/home/cc/ee106a/fa26/class/ee106a-act'), ('OLDPWD', '/home/cc/ee106a/fa26/class/ee106a-act'), ('DESKTOP_SESSION', 'mate'), ('ROS_PYTHON_VERSION', '3'), ('GTK_MODULES', 'gail:atk-bridge:appmenu-gtk-module:gail:atk-bridge:canberra-gtk-module'), ('EE106_UR_ROBOT_IP', '192.168.1.103'), ('DISTROBOX_ENTER_PATH', '/usr/local/bin/distrobox-enter'), ('SYSTEMD_EXEC_PID', '880739'), ('NNTPSERVER', 'news.csua.berkeley.edu'), ('VISUAL', 'emacs'), ('XDG_STATE_HOME', '/home/cc/ee106a/fa26/class/ee106a-act/.local/state'), ('DBUS_SESSION_BUS_ADDRESS', 'unix:path=/run/user/90936/bus'), ('COLORTERM', 'truecolor'), ('container', 'podman'), ('UBUNTU_MENUPROXY', '1'), ('QT_QPA_PLATFORMTHEME', 'gtk2'), ('COLCON_PREFIX_PATH', '/home/ff/ee106a/robot_workspaces/ur/install'), ('ROS_DISTRO', 'humble'), ('GTK_IM_MODULE', 'ibus'), ('LOGNAME', 'ee106a-act'), ('MASTER', 'ee106a'), ('WINDOWID', '58720262'), ('ROS_VERSION', '2'), ('XDG_SESSION_CLASS', 'user'), ('TERMINFO_DIRS', '/usr/share/terminfo:/run/host/usr/share/terminfo'), ('USERNAME', 'ee106a-act'), ('TERM', 'xterm-256color'), ('GTK_OVERLAY_SCROLLING', '0'), ('XDG_SESSION_ID', '1136'), ('ROS_LOCALHOST_ONLY', '0'), ('WINDOWPATH', '2'), ('PATH', '/opt/ros/humble/bin:/share/b/grading/bin:/home/ff/ee106a/bin:/home/ff/ee106a/bin/arch/x86_64:/share/b/grading/bin:/home/ff/ee106a/bin:/home/ff/ee106a/bin/arch/x86_64:/usr/local/sbin:/usr/local/bin:/usr/sbin:/usr/bin:/sbin:/bin:/usr/games:/usr/local/games:/snap/bin:/snap/bin:/share/b/grading/bin:/share/b/grading/sbin::/share/b/bin:/home/ff/ee106a/venvs/all:/usr/local/sbin:/usr/local/bin:/usr/sbin:/usr/bin:/sbin:/bin:/share/b/grading/bin:/share/b/grading/sbin::/share/b/bin:/home/ff/ee106a/venvs/all'), ('SESSION_MANAGER', 'local/c105-9:@/tmp/.ICE-unix/880833,unix/c105-9:/tmp/.ICE-unix/880833'), ('OS', 'Linux'), ('XDG_RUNTIME_DIR', '/run/user/90936'), ('DISPLAY', ':1'), ('LANG', 'en_US.UTF-8'), ('XDG_CURRENT_DESKTOP', 'MATE'), ('XDG_DATA_HOME', '/home/cc/ee106a/fa26/class/ee106a-act/.local/share'), ('XDG_CONFIG_HOME', '/home/cc/ee106a/fa26/class/ee106a-act/.config'), ('XMODIFIERS', '@im=ibus'), ('XDG_SESSION_DESKTOP', 'mate'), ('XAUTHORITY', '/run/user/90936/gdm/Xauthority'), ('SSH_AUTH_SOCK', '/run/user/90936/keyring/ssh'), ('ROS_DOMAIN_ID', '29'), ('AMENT_PREFIX_PATH', '/home/ff/ee106a/robot_workspaces/ur/install/ur7e_utils:/opt/ros/humble'), ('SHELL', '/usr/bin/bash'), ('QT_ACCESSIBILITY', '1'), ('EE106_UR_ROBOT_NAME', 'wall-e'), ('GDMSESSION', 'mate'), ('GPG_AGENT_INFO', '/run/user/90936/gnupg/S.gpg-agent:0:1'), ('CONFIG_SHELL', '/usr/bin/ksh'), ('QT_IM_MODULE', 'ibus'), ('PWD', '/home/cc/ee106a/fa26/class/ee106a-act/ros_workspaces/lab3/build/straight_line_interface'), ('EE106_ENV_SETUP', 'ur_ros2'), ('CONTAINER_ID', 'ros2'), ('LC_ALL', 'C.UTF-8'), ('XDG_CONFIG_DIRS', '/etc/xdg/xdg-mate:/etc/xdg'), ('CLUTTER_IM_MODULE', 'ibus'), ('XDG_DATA_DIRS', '/usr/share/mate:/usr/share/mate:/usr/share/gnome:/home/cc/ee106a/fa26/class/ee106a-act/.local/share/flatpak/exports/share:/var/lib/flatpak/exports/share:/usr/local/share/:/usr/share/:/var/lib/snapd/desktop:/usr/local/share:/usr/share'), ('PYTHONPATH', '/home/ff/ee106a/robot_workspaces/ur/install/ur7e_utils/lib/python3.10/site-packages:/opt/ros/humble/lib/python3.10/site-packages:/opt/ros/humble/local/lib/python3.10/dist-packages'), ('MATE_DESKTOP_SESSION_ID', 'this-is-deprecated'), ('COLCON', '1'), ('MANPATH', '/usr/local/man:/usr/man:/usr/X11/man:/usr/local/man:/usr/man:/usr/X11/man::/share/b/grading/man:/share/b/grading/man'), ('VTE_VERSION', '6800'), ('EDITOR', 'emacs'), ('QT_FONT_DPI', '122'), ('CMAKE_PREFIX_PATH', '/home/ff/ee106a/robot_workspaces/ur/install/ur7e_utils:/opt/ros/humble')]), 'shell': False}
[14.138593] (-) TimerEvent: {}
[14.152733] (straight_line_interface) StdoutLine: {'line': b'-- Install configuration: ""\n'}
[14.161650] (straight_line_interface) StdoutLine: {'line': b'-- Installing: /home/cc/ee106a/fa26/class/ee106a-act/ros_workspaces/lab3/install/straight_line_interface/share/ament_index/resource_index/rosidl_interfaces/straight_line_interface\n'}
[14.168280] (straight_line_interface) StdoutLine: {'line': b'-- Installing: /home/cc/ee106a/fa26/class/ee106a-act/ros_workspaces/lab3/install/straight_line_interface/include/straight_line_interface/straight_line_interface\n'}
[14.175284] (straight_line_interface) StdoutLine: {'line': b'-- Installing: /home/cc/ee106a/fa26/class/ee106a-act/ros_workspaces/lab3/install/straight_line_interface/include/straight_line_interface/straight_line_interface/action\n'}
[14.180922] (straight_line_interface) StdoutLine: {'line': b'-- Installing: /home/cc/ee106a/fa26/class/ee106a-act/ros_workspaces/lab3/install/straight_line_interface/include/straight_line_interface/straight_line_interface/action/detail\n'}
[14.187039] (straight_line_interface) StdoutLine: {'line': b'-- Installing: /home/cc/ee106a/fa26/class/ee106a-act/ros_workspaces/lab3/install/straight_line_interface/include/straight_line_interface/straight_line_interface/action/detail/move_straight__functions.c\n'}
[14.193490] (straight_line_interface) StdoutLine: {'line': b'-- Installing: /home/cc/ee106a/fa26/class/ee106a-act/ros_workspaces/lab3/install/straight_line_interface/include/straight_line_interface/straight_line_interface/action/detail/move_straight__type_support.h\n'}
[14.199930] (straight_line_interface) StdoutLine: {'line': b'-- Installing: /home/cc/ee106a/fa26/class/ee106a-act/ros_workspaces/lab3/install/straight_line_interface/include/straight_line_interface/straight_line_interface/action/detail/move_straight__struct.h\n'}
[14.206104] (straight_line_interface) StdoutLine: {'line': b'-- Installing: /home/cc/ee106a/fa26/class/ee106a-act/ros_workspaces/lab3/install/straight_line_interface/include/straight_line_interface/straight_line_interface/action/detail/move_straight__functions.h\n'}
[14.213212] (straight_line_interface) StdoutLine: {'line': b'-- Installing: /home/cc/ee106a/fa26/class/ee106a-act/ros_workspaces/lab3/install/straight_line_interface/include/straight_line_interface/straight_line_interface/action/move_straight.h\n'}
[14.219493] (straight_line_interface) StdoutLine: {'line': b'-- Installing: /home/cc/ee106a/fa26/class/ee106a-act/ros_workspaces/lab3/install/straight_line_interface/include/straight_line_interface/straight_line_interface/msg\n'}
[14.225482] (straight_line_interface) StdoutLine: {'line': b'-- Installing: /home/cc/ee106a/fa26/class/ee106a-act/ros_workspaces/lab3/install/straight_line_interface/include/straight_line_interface/straight_line_interface/msg/rosidl_generator_c__visibility_control.h\n'}
[14.236722] (straight_line_interface) StdoutLine: {'line': b'-- Installing: /home/cc/ee106a/fa26/class/ee106a-act/ros_workspaces/lab3/install/straight_line_interface/share/straight_line_interface/environment/library_path.sh\n'}
[14.238646] (-) TimerEvent: {}
[14.245950] (straight_line_interface) StdoutLine: {'line': b'-- Installing: /home/cc/ee106a/fa26/class/ee106a-act/ros_workspaces/lab3/install/straight_line_interface/share/straight_line_interface/environment/library_path.dsv\n'}
[14.255339] (straight_line_interface) StdoutLine: {'line': b'-- Installing: /home/cc/ee106a/fa26/class/ee106a-act/ros_workspaces/lab3/install/straight_line_interface/lib/libstraight_line_interface__rosidl_generator_c.so\n'}
[14.266116] (straight_line_interface) StdoutLine: {'line': b'-- Set runtime path of "/home/cc/ee106a/fa26/class/ee106a-act/ros_workspaces/lab3/install/straight_line_interface/lib/libstraight_line_interface__rosidl_generator_c.so" to ""\n'}
[14.267725] (straight_line_interface) StdoutLine: {'line': b'-- Up-to-date: /home/cc/ee106a/fa26/class/ee106a-act/ros_workspaces/lab3/install/straight_line_interface/include/straight_line_interface/straight_line_interface\n'}
[14.269696] (straight_line_interface) StdoutLine: {'line': b'-- Up-to-date: /home/cc/ee106a/fa26/class/ee106a-act/ros_workspaces/lab3/install/straight_line_interface/include/straight_line_interface/straight_line_interface/action\n'}
[14.271652] (straight_line_interface) StdoutLine: {'line': b'-- Up-to-date: /home/cc/ee106a/fa26/class/ee106a-act/ros_workspaces/lab3/install/straight_line_interface/include/straight_line_interface/straight_line_interface/action/detail\n'}
[14.273653] (straight_line_interface) StdoutLine: {'line': b'-- Installing: /home/cc/ee106a/fa26/class/ee106a-act/ros_workspaces/lab3/install/straight_line_interface/include/straight_line_interface/straight_line_interface/action/detail/move_straight__rosidl_typesupport_fastrtps_c.h\n'}
[14.279595] (straight_line_interface) StdoutLine: {'line': b'-- Up-to-date: /home/cc/ee106a/fa26/class/ee106a-act/ros_workspaces/lab3/install/straight_line_interface/include/straight_line_interface/straight_line_interface/msg\n'}
[14.281544] (straight_line_interface) StdoutLine: {'line': b'-- Installing: /home/cc/ee106a/fa26/class/ee106a-act/ros_workspaces/lab3/install/straight_line_interface/include/straight_line_interface/straight_line_interface/msg/rosidl_typesupport_fastrtps_c__visibility_control.h\n'}
[14.288220] (straight_line_interface) StdoutLine: {'line': b'-- Installing: /home/cc/ee106a/fa26/class/ee106a-act/ros_workspaces/lab3/install/straight_line_interface/lib/libstraight_line_interface__rosidl_typesupport_fastrtps_c.so\n'}
[14.297520] (straight_line_interface) StdoutLine: {'line': b'-- Set runtime path of "/home/cc/ee106a/fa26/class/ee106a-act/ros_workspaces/lab3/install/straight_line_interface/lib/libstraight_line_interface__rosidl_typesupport_fastrtps_c.so" to ""\n'}
[14.298576] (straight_line_interface) StdoutLine: {'line': b'-- Up-to-date: /home/cc/ee106a/fa26/class/ee106a-act/ros_workspaces/lab3/install/straight_line_interface/include/straight_line_interface/straight_line_interface\n'}
[14.300672] (straight_line_interface) StdoutLine: {'line': b'-- Up-to-date: /home/cc/ee106a/fa26/class/ee106a-act/ros_workspaces/lab3/install/straight_line_interface/include/straight_line_interface/straight_line_interface/action\n'}
[14.303042] (straight_line_interface) StdoutLine: {'line': b'-- Installing: /home/cc/ee106a/fa26/class/ee106a-act/ros_workspaces/lab3/install/straight_line_interface/include/straight_line_interface/straight_line_interface/action/move_straight.hpp\n'}
[14.309414] (straight_line_interface) StdoutLine: {'line': b'-- Up-to-date: /home/cc/ee106a/fa26/class/ee106a-act/ros_workspaces/lab3/install/straight_line_interface/include/straight_line_interface/straight_line_interface/action/detail\n'}
[14.311759] (straight_line_interface) StdoutLine: {'line': b'-- Installing: /home/cc/ee106a/fa26/class/ee106a-act/ros_workspaces/lab3/install/straight_line_interface/include/straight_line_interface/straight_line_interface/action/detail/move_straight__traits.hpp\n'}
[14.317637] (straight_line_interface) StdoutLine: {'line': b'-- Installing: /home/cc/ee106a/fa26/class/ee106a-act/ros_workspaces/lab3/install/straight_line_interface/include/straight_line_interface/straight_line_interface/action/detail/move_straight__struct.hpp\n'}
[14.324041] (straight_line_interface) StdoutLine: {'line': b'-- Installing: /home/cc/ee106a/fa26/class/ee106a-act/ros_workspaces/lab3/install/straight_line_interface/include/straight_line_interface/straight_line_interface/action/detail/move_straight__type_support.hpp\n'}
[14.330251] (straight_line_interface) StdoutLine: {'line': b'-- Installing: /home/cc/ee106a/fa26/class/ee106a-act/ros_workspaces/lab3/install/straight_line_interface/include/straight_line_interface/straight_line_interface/action/detail/move_straight__builder.hpp\n'}
[14.336805] (straight_line_interface) StdoutLine: {'line': b'-- Up-to-date: /home/cc/ee106a/fa26/class/ee106a-act/ros_workspaces/lab3/install/straight_line_interface/include/straight_line_interface/straight_line_interface/msg\n'}
[14.338751] (straight_line_interface) StdoutLine: {'line': b'-- Installing: /home/cc/ee106a/fa26/class/ee106a-act/ros_workspaces/lab3/install/straight_line_interface/include/straight_line_interface/straight_line_interface/msg/rosidl_generator_cpp__visibility_control.hpp\n'}
[14.338838] (-) TimerEvent: {}
[14.345094] (straight_line_interface) StdoutLine: {'line': b'-- Up-to-date: /home/cc/ee106a/fa26/class/ee106a-act/ros_workspaces/lab3/install/straight_line_interface/include/straight_line_interface/straight_line_interface\n'}
[14.346893] (straight_line_interface) StdoutLine: {'line': b'-- Up-to-date: /home/cc/ee106a/fa26/class/ee106a-act/ros_workspaces/lab3/install/straight_line_interface/include/straight_line_interface/straight_line_interface/action\n'}
[14.348759] (straight_line_interface) StdoutLine: {'line': b'-- Up-to-date: /home/cc/ee106a/fa26/class/ee106a-act/ros_workspaces/lab3/install/straight_line_interface/include/straight_line_interface/straight_line_interface/action/detail\n'}
[14.350667] (straight_line_interface) StdoutLine: {'line': b'-- Installing: /home/cc/ee106a/fa26/class/ee106a-act/ros_workspaces/lab3/install/straight_line_interface/include/straight_line_interface/straight_line_interface/action/detail/move_straight__rosidl_typesupport_fastrtps_cpp.hpp\n'}
[14.356951] (straight_line_interface) StdoutLine: {'line': b'-- Installing: /home/cc/ee106a/fa26/class/ee106a-act/ros_workspaces/lab3/install/straight_line_interface/include/straight_line_interface/straight_line_interface/action/detail/dds_fastrtps\n'}
[14.363321] (straight_line_interface) StdoutLine: {'line': b'-- Up-to-date: /home/cc/ee106a/fa26/class/ee106a-act/ros_workspaces/lab3/install/straight_line_interface/include/straight_line_interface/straight_line_interface/msg\n'}
[14.365247] (straight_line_interface) StdoutLine: {'line': b'-- Installing: /home/cc/ee106a/fa26/class/ee106a-act/ros_workspaces/lab3/install/straight_line_interface/include/straight_line_interface/straight_line_interface/msg/rosidl_typesupport_fastrtps_cpp__visibility_control.h\n'}
[14.371912] (straight_line_interface) StdoutLine: {'line': b'-- Installing: /home/cc/ee106a/fa26/class/ee106a-act/ros_workspaces/lab3/install/straight_line_interface/lib/libstraight_line_interface__rosidl_typesupport_fastrtps_cpp.so\n'}
[14.383107] (straight_line_interface) StdoutLine: {'line': b'-- Set runtime path of "/home/cc/ee106a/fa26/class/ee106a-act/ros_workspaces/lab3/install/straight_line_interface/lib/libstraight_line_interface__rosidl_typesupport_fastrtps_cpp.so" to ""\n'}
[14.384387] (straight_line_interface) StdoutLine: {'line': b'-- Up-to-date: /home/cc/ee106a/fa26/class/ee106a-act/ros_workspaces/lab3/install/straight_line_interface/include/straight_line_interface/straight_line_interface\n'}
[14.386415] (straight_line_interface) StdoutLine: {'line': b'-- Up-to-date: /home/cc/ee106a/fa26/class/ee106a-act/ros_workspaces/lab3/install/straight_line_interface/include/straight_line_interface/straight_line_interface/msg\n'}
[14.388398] (straight_line_interface) StdoutLine: {'line': b'-- Installing: /home/cc/ee106a/fa26/class/ee106a-act/ros_workspaces/lab3/install/straight_line_interface/include/straight_line_interface/straight_line_interface/msg/rosidl_typesupport_introspection_c__visibility_control.h\n'}
[14.394446] (straight_line_interface) StdoutLine: {'line': b'-- Up-to-date: /home/cc/ee106a/fa26/class/ee106a-act/ros_workspaces/lab3/install/straight_line_interface/include/straight_line_interface/straight_line_interface/action\n'}
[14.396477] (straight_line_interface) StdoutLine: {'line': b'-- Up-to-date: /home/cc/ee106a/fa26/class/ee106a-act/ros_workspaces/lab3/install/straight_line_interface/include/straight_line_interface/straight_line_interface/action/detail\n'}
[14.398405] (straight_line_interface) StdoutLine: {'line': b'-- Installing: /home/cc/ee106a/fa26/class/ee106a-act/ros_workspaces/lab3/install/straight_line_interface/include/straight_line_interface/straight_line_interface/action/detail/move_straight__rosidl_typesupport_introspection_c.h\n'}
[14.405068] (straight_line_interface) StdoutLine: {'line': b'-- Installing: /home/cc/ee106a/fa26/class/ee106a-act/ros_workspaces/lab3/install/straight_line_interface/include/straight_line_interface/straight_line_interface/action/detail/move_straight__type_support.c\n'}
[14.411729] (straight_line_interface) StdoutLine: {'line': b'-- Installing: /home/cc/ee106a/fa26/class/ee106a-act/ros_workspaces/lab3/install/straight_line_interface/lib/libstraight_line_interface__rosidl_typesupport_introspection_c.so\n'}
[14.420589] (straight_line_interface) StdoutLine: {'line': b'-- Set runtime path of "/home/cc/ee106a/fa26/class/ee106a-act/ros_workspaces/lab3/install/straight_line_interface/lib/libstraight_line_interface__rosidl_typesupport_introspection_c.so" to ""\n'}
[14.422046] (straight_line_interface) StdoutLine: {'line': b'-- Installing: /home/cc/ee106a/fa26/class/ee106a-act/ros_workspaces/lab3/install/straight_line_interface/lib/libstraight_line_interface__rosidl_typesupport_c.so\n'}
[14.430586] (straight_line_interface) StdoutLine: {'line': b'-- Set runtime path of "/home/cc/ee106a/fa26/class/ee106a-act/ros_workspaces/lab3/install/straight_line_interface/lib/libstraight_line_interface__rosidl_typesupport_c.so" to ""\n'}
[14.431927] (straight_line_interface) StdoutLine: {'line': b'-- Up-to-date: /home/cc/ee106a/fa26/class/ee106a-act/ros_workspaces/lab3/install/straight_line_interface/include/straight_line_interface/straight_line_interface\n'}
[14.433887] (straight_line_interface) StdoutLine: {'line': b'-- Up-to-date: /home/cc/ee106a/fa26/class/ee106a-act/ros_workspaces/lab3/install/straight_line_interface/include/straight_line_interface/straight_line_interface/action\n'}
[14.435735] (straight_line_interface) StdoutLine: {'line': b'-- Up-to-date: /home/cc/ee106a/fa26/class/ee106a-act/ros_workspaces/lab3/install/straight_line_interface/include/straight_line_interface/straight_line_interface/action/detail\n'}
[14.437689] (straight_line_interface) StdoutLine: {'line': b'-- Installing: /home/cc/ee106a/fa26/class/ee106a-act/ros_workspaces/lab3/install/straight_line_interface/include/straight_line_interface/straight_line_interface/action/detail/move_straight__rosidl_typesupport_introspection_cpp.hpp\n'}
[14.438924] (-) TimerEvent: {}
[14.444227] (straight_line_interface) StdoutLine: {'line': b'-- Installing: /home/cc/ee106a/fa26/class/ee106a-act/ros_workspaces/lab3/install/straight_line_interface/include/straight_line_interface/straight_line_interface/action/detail/move_straight__type_support.cpp\n'}
[14.451854] (straight_line_interface) StdoutLine: {'line': b'-- Installing: /home/cc/ee106a/fa26/class/ee106a-act/ros_workspaces/lab3/install/straight_line_interface/lib/libstraight_line_interface__rosidl_typesupport_introspection_cpp.so\n'}
[14.461540] (straight_line_interface) StdoutLine: {'line': b'-- Set runtime path of "/home/cc/ee106a/fa26/class/ee106a-act/ros_workspaces/lab3/install/straight_line_interface/lib/libstraight_line_interface__rosidl_typesupport_introspection_cpp.so" to ""\n'}
[14.463545] (straight_line_interface) StdoutLine: {'line': b'-- Installing: /home/cc/ee106a/fa26/class/ee106a-act/ros_workspaces/lab3/install/straight_line_interface/lib/libstraight_line_interface__rosidl_typesupport_cpp.so\n'}
[14.473211] (straight_line_interface) StdoutLine: {'line': b'-- Set runtime path of "/home/cc/ee106a/fa26/class/ee106a-act/ros_workspaces/lab3/install/straight_line_interface/lib/libstraight_line_interface__rosidl_typesupport_cpp.so" to ""\n'}
[14.475026] (straight_line_interface) StdoutLine: {'line': b'-- Installing: /home/cc/ee106a/fa26/class/ee106a-act/ros_workspaces/lab3/install/straight_line_interface/share/straight_line_interface/environment/pythonpath.sh\n'}
[14.482134] (straight_line_interface) StdoutLine: {'line': b'-- Installing: /home/cc/ee106a/fa26/class/ee106a-act/ros_workspaces/lab3/install/straight_line_interface/share/straight_line_interface/environment/pythonpath.dsv\n'}
[14.488166] (straight_line_interface) StdoutLine: {'line': b'-- Installing: /home/cc/ee106a/fa26/class/ee106a-act/ros_workspaces/lab3/install/straight_line_interface/local/lib/python3.10/dist-packages/straight_line_interface-0.0.0-py3.10.egg-info\n'}
[14.497994] (straight_line_interface) StdoutLine: {'line': b'-- Installing: /home/cc/ee106a/fa26/class/ee106a-act/ros_workspaces/lab3/install/straight_line_interface/local/lib/python3.10/dist-packages/straight_line_interface-0.0.0-py3.10.egg-info/dependency_links.txt\n'}
[14.504799] (straight_line_interface) StdoutLine: {'line': b'-- Installing: /home/cc/ee106a/fa26/class/ee106a-act/ros_workspaces/lab3/install/straight_line_interface/local/lib/python3.10/dist-packages/straight_line_interface-0.0.0-py3.10.egg-info/top_level.txt\n'}
[14.511507] (straight_line_interface) StdoutLine: {'line': b'-- Installing: /home/cc/ee106a/fa26/class/ee106a-act/ros_workspaces/lab3/install/straight_line_interface/local/lib/python3.10/dist-packages/straight_line_interface-0.0.0-py3.10.egg-info/SOURCES.txt\n'}
[14.517834] (straight_line_interface) StdoutLine: {'line': b'-- Installing: /home/cc/ee106a/fa26/class/ee106a-act/ros_workspaces/lab3/install/straight_line_interface/local/lib/python3.10/dist-packages/straight_line_interface-0.0.0-py3.10.egg-info/PKG-INFO\n'}
[14.524882] (straight_line_interface) StdoutLine: {'line': b'-- Installing: /home/cc/ee106a/fa26/class/ee106a-act/ros_workspaces/lab3/install/straight_line_interface/local/lib/python3.10/dist-packages/straight_line_interface\n'}
[14.531446] (straight_line_interface) StdoutLine: {'line': b'-- Installing: /home/cc/ee106a/fa26/class/ee106a-act/ros_workspaces/lab3/install/straight_line_interface/local/lib/python3.10/dist-packages/straight_line_interface/straight_line_interface_s__rosidl_typesupport_fastrtps_c.cpython-310-x86_64-linux-gnu.so\n'}
[14.539021] (-) TimerEvent: {}
[14.586644] (straight_line_interface) StdoutLine: {'line': b'-- Installing: /home/cc/ee106a/fa26/class/ee106a-act/ros_workspaces/lab3/install/straight_line_interface/local/lib/python3.10/dist-packages/straight_line_interface/action\n'}
[14.593273] (straight_line_interface) StdoutLine: {'line': b'-- Installing: /home/cc/ee106a/fa26/class/ee106a-act/ros_workspaces/lab3/install/straight_line_interface/local/lib/python3.10/dist-packages/straight_line_interface/action/__init__.py\n'}
[14.599667] (straight_line_interface) StdoutLine: {'line': b'-- Installing: /home/cc/ee106a/fa26/class/ee106a-act/ros_workspaces/lab3/install/straight_line_interface/local/lib/python3.10/dist-packages/straight_line_interface/action/_move_straight.py\n'}
[14.606873] (straight_line_interface) StdoutLine: {'line': b'-- Installing: /home/cc/ee106a/fa26/class/ee106a-act/ros_workspaces/lab3/install/straight_line_interface/local/lib/python3.10/dist-packages/straight_line_interface/action/_move_straight_s.c\n'}
[14.614186] (straight_line_interface) StdoutLine: {'line': b'-- Installing: /home/cc/ee106a/fa26/class/ee106a-act/ros_workspaces/lab3/install/straight_line_interface/local/lib/python3.10/dist-packages/straight_line_interface/straight_line_interface_s__rosidl_typesupport_c.cpython-310-x86_64-linux-gnu.so\n'}
[14.621408] (straight_line_interface) StdoutLine: {'line': b'-- Installing: /home/cc/ee106a/fa26/class/ee106a-act/ros_workspaces/lab3/install/straight_line_interface/local/lib/python3.10/dist-packages/straight_line_interface/_straight_line_interface_s.ep.rosidl_typesupport_fastrtps_c.c\n'}
[14.628186] (straight_line_interface) StdoutLine: {'line': b'-- Installing: /home/cc/ee106a/fa26/class/ee106a-act/ros_workspaces/lab3/install/straight_line_interface/local/lib/python3.10/dist-packages/straight_line_interface/_straight_line_interface_s.ep.rosidl_typesupport_c.c\n'}
[14.634899] (straight_line_interface) StdoutLine: {'line': b'-- Installing: /home/cc/ee106a/fa26/class/ee106a-act/ros_workspaces/lab3/install/straight_line_interface/local/lib/python3.10/dist-packages/straight_line_interface/__init__.py\n'}
[14.639051] (-) TimerEvent: {}
[14.640849] (straight_line_interface) StdoutLine: {'line': b'-- Installing: /home/cc/ee106a/fa26/class/ee106a-act/ros_workspaces/lab3/install/straight_line_interface/local/lib/python3.10/dist-packages/straight_line_interface/libstraight_line_interface__rosidl_generator_py.so\n'}
[14.647255] (straight_line_interface) StdoutLine: {'line': b'-- Installing: /home/cc/ee106a/fa26/class/ee106a-act/ros_workspaces/lab3/install/straight_line_interface/local/lib/python3.10/dist-packages/straight_line_interface/_straight_line_interface_s.ep.rosidl_typesupport_introspection_c.c\n'}
[14.655025] (straight_line_interface) StdoutLine: {'line': b'-- Installing: /home/cc/ee106a/fa26/class/ee106a-act/ros_workspaces/lab3/install/straight_line_interface/local/lib/python3.10/dist-packages/straight_line_interface/straight_line_interface_s__rosidl_typesupport_introspection_c.cpython-310-x86_64-linux-gnu.so\n'}
[14.739117] (-) TimerEvent: {}
[14.785694] (straight_line_interface) StdoutLine: {'line': b"Listing '/home/cc/ee106a/fa26/class/ee106a-act/ros_workspaces/lab3/install/straight_line_interface/local/lib/python3.10/dist-packages/straight_line_interface'...\n"}
[14.785866] (straight_line_interface) StdoutLine: {'line': b"Compiling '/home/cc/ee106a/fa26/class/ee106a-act/ros_workspaces/lab3/install/straight_line_interface/local/lib/python3.10/dist-packages/straight_line_interface/__init__.py'...\n"}
[14.785951] (straight_line_interface) StdoutLine: {'line': b"Listing '/home/cc/ee106a/fa26/class/ee106a-act/ros_workspaces/lab3/install/straight_line_interface/local/lib/python3.10/dist-packages/straight_line_interface/action'...\n"}
[14.786024] (straight_line_interface) StdoutLine: {'line': b"Compiling '/home/cc/ee106a/fa26/class/ee106a-act/ros_workspaces/lab3/install/straight_line_interface/local/lib/python3.10/dist-packages/straight_line_interface/action/__init__.py'...\n"}
[14.786082] (straight_line_interface) StdoutLine: {'line': b"Compiling '/home/cc/ee106a/fa26/class/ee106a-act/ros_workspaces/lab3/install/straight_line_interface/local/lib/python3.10/dist-packages/straight_line_interface/action/_move_straight.py'...\n"}
[14.794788] (straight_line_interface) StdoutLine: {'line': b'-- Installing: /home/cc/ee106a/fa26/class/ee106a-act/ros_workspaces/lab3/install/straight_line_interface/local/lib/python3.10/dist-packages/straight_line_interface/straight_line_interface_s__rosidl_typesupport_fastrtps_c.cpython-310-x86_64-linux-gnu.so\n'}
[14.805101] (straight_line_interface) StdoutLine: {'line': b'-- Set runtime path of "/home/cc/ee106a/fa26/class/ee106a-act/ros_workspaces/lab3/install/straight_line_interface/local/lib/python3.10/dist-packages/straight_line_interface/straight_line_interface_s__rosidl_typesupport_fastrtps_c.cpython-310-x86_64-linux-gnu.so" to ""\n'}
[14.809674] (straight_line_interface) StdoutLine: {'line': b'-- Installing: /home/cc/ee106a/fa26/class/ee106a-act/ros_workspaces/lab3/install/straight_line_interface/local/lib/python3.10/dist-packages/straight_line_interface/straight_line_interface_s__rosidl_typesupport_introspection_c.cpython-310-x86_64-linux-gnu.so\n'}
[14.821168] (straight_line_interface) StdoutLine: {'line': b'-- Set runtime path of "/home/cc/ee106a/fa26/class/ee106a-act/ros_workspaces/lab3/install/straight_line_interface/local/lib/python3.10/dist-packages/straight_line_interface/straight_line_interface_s__rosidl_typesupport_introspection_c.cpython-310-x86_64-linux-gnu.so" to ""\n'}
[14.825612] (straight_line_interface) StdoutLine: {'line': b'-- Installing: /home/cc/ee106a/fa26/class/ee106a-act/ros_workspaces/lab3/install/straight_line_interface/local/lib/python3.10/dist-packages/straight_line_interface/straight_line_interface_s__rosidl_typesupport_c.cpython-310-x86_64-linux-gnu.so\n'}
[14.834968] (straight_line_interface) StdoutLine: {'line': b'-- Set runtime path of "/home/cc/ee106a/fa26/class/ee106a-act/ros_workspaces/lab3/install/straight_line_interface/local/lib/python3.10/dist-packages/straight_line_interface/straight_line_interface_s__rosidl_typesupport_c.cpython-310-x86_64-linux-gnu.so" to ""\n'}
[14.836532] (straight_line_interface) StdoutLine: {'line': b'-- Installing: /home/cc/ee106a/fa26/class/ee106a-act/ros_workspaces/lab3/install/straight_line_interface/lib/libstraight_line_interface__rosidl_generator_py.so\n'}
[14.839200] (-) TimerEvent: {}
[14.846119] (straight_line_interface) StdoutLine: {'line': b'-- Set runtime path of "/home/cc/ee106a/fa26/class/ee106a-act/ros_workspaces/lab3/install/straight_line_interface/lib/libstraight_line_interface__rosidl_generator_py.so" to ""\n'}
[14.852228] (straight_line_interface) StdoutLine: {'line': b'-- Installing: /home/cc/ee106a/fa26/class/ee106a-act/ros_workspaces/lab3/install/straight_line_interface/share/ament_index/resource_index/rust_packages/straight_line_interface\n'}
[14.858329] (straight_line_interface) StdoutLine: {'line': b'-- Installing: /home/cc/ee106a/fa26/class/ee106a-act/ros_workspaces/lab3/install/straight_line_interface/share/straight_line_interface/rust\n'}
[14.864037] (straight_line_interface) StdoutLine: {'line': b'-- Installing: /home/cc/ee106a/fa26/class/ee106a-act/ros_workspaces/lab3/install/straight_line_interface/share/straight_line_interface/rust/src\n'}
[14.870214] (straight_line_interface) StdoutLine: {'line': b'-- Installing: /home/cc/ee106a/fa26/class/ee106a-act/ros_workspaces/lab3/install/straight_line_interface/share/straight_line_interface/rust/src/action\n'}
[14.877725] (straight_line_interface) StdoutLine: {'line': b'-- Installing: /home/cc/ee106a/fa26/class/ee106a-act/ros_workspaces/lab3/install/straight_line_interface/share/straight_line_interface/rust/src/action/rmw.rs\n'}
[14.883792] (straight_line_interface) StdoutLine: {'line': b'-- Installing: /home/cc/ee106a/fa26/class/ee106a-act/ros_workspaces/lab3/install/straight_line_interface/share/straight_line_interface/rust/src/action.rs\n'}
[14.890992] (straight_line_interface) StdoutLine: {'line': b'-- Installing: /home/cc/ee106a/fa26/class/ee106a-act/ros_workspaces/lab3/install/straight_line_interface/share/straight_line_interface/rust/src/lib.rs\n'}
[14.897873] (straight_line_interface) StdoutLine: {'line': b'-- Installing: /home/cc/ee106a/fa26/class/ee106a-act/ros_workspaces/lab3/install/straight_line_interface/share/straight_line_interface/rust/build.rs\n'}
[14.904708] (straight_line_interface) StdoutLine: {'line': b'-- Installing: /home/cc/ee106a/fa26/class/ee106a-act/ros_workspaces/lab3/install/straight_line_interface/share/straight_line_interface/rust/Cargo.toml\n'}
[14.915335] (straight_line_interface) StdoutLine: {'line': b'-- Installing: /home/cc/ee106a/fa26/class/ee106a-act/ros_workspaces/lab3/install/straight_line_interface/share/straight_line_interface/action/MoveStraight.idl\n'}
[14.921730] (straight_line_interface) StdoutLine: {'line': b'-- Installing: /home/cc/ee106a/fa26/class/ee106a-act/ros_workspaces/lab3/install/straight_line_interface/share/straight_line_interface/action/MoveStraight.action\n'}
[14.932619] (straight_line_interface) StdoutLine: {'line': b'-- Installing: /home/cc/ee106a/fa26/class/ee106a-act/ros_workspaces/lab3/install/straight_line_interface/share/ament_index/resource_index/package_run_dependencies/straight_line_interface\n'}
[14.939410] (-) TimerEvent: {}
[14.944478] (straight_line_interface) StdoutLine: {'line': b'-- Installing: /home/cc/ee106a/fa26/class/ee106a-act/ros_workspaces/lab3/install/straight_line_interface/share/ament_index/resource_index/parent_prefix_path/straight_line_interface\n'}
[14.951842] (straight_line_interface) StdoutLine: {'line': b'-- Installing: /home/cc/ee106a/fa26/class/ee106a-act/ros_workspaces/lab3/install/straight_line_interface/share/straight_line_interface/environment/ament_prefix_path.sh\n'}
[14.961041] (straight_line_interface) StdoutLine: {'line': b'-- Installing: /home/cc/ee106a/fa26/class/ee106a-act/ros_workspaces/lab3/install/straight_line_interface/share/straight_line_interface/environment/ament_prefix_path.dsv\n'}
[14.967370] (straight_line_interface) StdoutLine: {'line': b'-- Installing: /home/cc/ee106a/fa26/class/ee106a-act/ros_workspaces/lab3/install/straight_line_interface/share/straight_line_interface/environment/path.sh\n'}
[14.977018] (straight_line_interface) StdoutLine: {'line': b'-- Installing: /home/cc/ee106a/fa26/class/ee106a-act/ros_workspaces/lab3/install/straight_line_interface/share/straight_line_interface/environment/path.dsv\n'}
[14.983792] (straight_line_interface) StdoutLine: {'line': b'-- Installing: /home/cc/ee106a/fa26/class/ee106a-act/ros_workspaces/lab3/install/straight_line_interface/share/straight_line_interface/local_setup.bash\n'}
[14.990072] (straight_line_interface) StdoutLine: {'line': b'-- Installing: /home/cc/ee106a/fa26/class/ee106a-act/ros_workspaces/lab3/install/straight_line_interface/share/straight_line_interface/local_setup.sh\n'}
[14.996415] (straight_line_interface) StdoutLine: {'line': b'-- Installing: /home/cc/ee106a/fa26/class/ee106a-act/ros_workspaces/lab3/install/straight_line_interface/share/straight_line_interface/local_setup.zsh\n'}
[15.003228] (straight_line_interface) StdoutLine: {'line': b'-- Installing: /home/cc/ee106a/fa26/class/ee106a-act/ros_workspaces/lab3/install/straight_line_interface/share/straight_line_interface/local_setup.dsv\n'}
[15.009475] (straight_line_interface) StdoutLine: {'line': b'-- Installing: /home/cc/ee106a/fa26/class/ee106a-act/ros_workspaces/lab3/install/straight_line_interface/share/straight_line_interface/package.dsv\n'}
[15.021065] (straight_line_interface) StdoutLine: {'line': b'-- Installing: /home/cc/ee106a/fa26/class/ee106a-act/ros_workspaces/lab3/install/straight_line_interface/share/ament_index/resource_index/packages/straight_line_interface\n'}
[15.031342] (straight_line_interface) StdoutLine: {'line': b'-- Installing: /home/cc/ee106a/fa26/class/ee106a-act/ros_workspaces/lab3/install/straight_line_interface/share/straight_line_interface/cmake/export_straight_line_interface__rosidl_generator_cExport.cmake\n'}
[15.037891] (straight_line_interface) StdoutLine: {'line': b'-- Installing: /home/cc/ee106a/fa26/class/ee106a-act/ros_workspaces/lab3/install/straight_line_interface/share/straight_line_interface/cmake/export_straight_line_interface__rosidl_generator_cExport-noconfig.cmake\n'}
[15.039529] (-) TimerEvent: {}
[15.044477] (straight_line_interface) StdoutLine: {'line': b'-- Installing: /home/cc/ee106a/fa26/class/ee106a-act/ros_workspaces/lab3/install/straight_line_interface/share/straight_line_interface/cmake/export_straight_line_interface__rosidl_typesupport_fastrtps_cExport.cmake\n'}
[15.050946] (straight_line_interface) StdoutLine: {'line': b'-- Installing: /home/cc/ee106a/fa26/class/ee106a-act/ros_workspaces/lab3/install/straight_line_interface/share/straight_line_interface/cmake/export_straight_line_interface__rosidl_typesupport_fastrtps_cExport-noconfig.cmake\n'}
[15.057491] (straight_line_interface) StdoutLine: {'line': b'-- Installing: /home/cc/ee106a/fa26/class/ee106a-act/ros_workspaces/lab3/install/straight_line_interface/share/straight_line_interface/cmake/export_straight_line_interface__rosidl_generator_cppExport.cmake\n'}
[15.064105] (straight_line_interface) StdoutLine: {'line': b'-- Installing: /home/cc/ee106a/fa26/class/ee106a-act/ros_workspaces/lab3/install/straight_line_interface/share/straight_line_interface/cmake/export_straight_line_interface__rosidl_typesupport_fastrtps_cppExport.cmake\n'}
[15.070803] (straight_line_interface) StdoutLine: {'line': b'-- Installing: /home/cc/ee106a/fa26/class/ee106a-act/ros_workspaces/lab3/install/straight_line_interface/share/straight_line_interface/cmake/export_straight_line_interface__rosidl_typesupport_fastrtps_cppExport-noconfig.cmake\n'}
[15.078904] (straight_line_interface) StdoutLine: {'line': b'-- Installing: /home/cc/ee106a/fa26/class/ee106a-act/ros_workspaces/lab3/install/straight_line_interface/share/straight_line_interface/cmake/straight_line_interface__rosidl_typesupport_introspection_cExport.cmake\n'}
[15.087400] (straight_line_interface) StdoutLine: {'line': b'-- Installing: /home/cc/ee106a/fa26/class/ee106a-act/ros_workspaces/lab3/install/straight_line_interface/share/straight_line_interface/cmake/straight_line_interface__rosidl_typesupport_introspection_cExport-noconfig.cmake\n'}
[15.093921] (straight_line_interface) StdoutLine: {'line': b'-- Installing: /home/cc/ee106a/fa26/class/ee106a-act/ros_workspaces/lab3/install/straight_line_interface/share/straight_line_interface/cmake/straight_line_interface__rosidl_typesupport_cExport.cmake\n'}
[15.100343] (straight_line_interface) StdoutLine: {'line': b'-- Installing: /home/cc/ee106a/fa26/class/ee106a-act/ros_workspaces/lab3/install/straight_line_interface/share/straight_line_interface/cmake/straight_line_interface__rosidl_typesupport_cExport-noconfig.cmake\n'}
[15.107508] (straight_line_interface) StdoutLine: {'line': b'-- Installing: /home/cc/ee106a/fa26/class/ee106a-act/ros_workspaces/lab3/install/straight_line_interface/share/straight_line_interface/cmake/straight_line_interface__rosidl_typesupport_introspection_cppExport.cmake\n'}
[15.114195] (straight_line_interface) StdoutLine: {'line': b'-- Installing: /home/cc/ee106a/fa26/class/ee106a-act/ros_workspaces/lab3/install/straight_line_interface/share/straight_line_interface/cmake/straight_line_interface__rosidl_typesupport_introspection_cppExport-noconfig.cmake\n'}
[15.120962] (straight_line_interface) StdoutLine: {'line': b'-- Installing: /home/cc/ee106a/fa26/class/ee106a-act/ros_workspaces/lab3/install/straight_line_interface/share/straight_line_interface/cmake/straight_line_interface__rosidl_typesupport_cppExport.cmake\n'}
[15.128200] (straight_line_interface) StdoutLine: {'line': b'-- Installing: /home/cc/ee106a/fa26/class/ee106a-act/ros_workspaces/lab3/install/straight_line_interface/share/straight_line_interface/cmake/straight_line_interface__rosidl_typesupport_cppExport-noconfig.cmake\n'}
[15.135622] (straight_line_interface) StdoutLine: {'line': b'-- Installing: /home/cc/ee106a/fa26/class/ee106a-act/ros_workspaces/lab3/install/straight_line_interface/share/straight_line_interface/cmake/export_straight_line_interface__rosidl_generator_pyExport.cmake\n'}
[15.139718] (-) TimerEvent: {}
[15.142637] (straight_line_interface) StdoutLine: {'line': b'-- Installing: /home/cc/ee106a/fa26/class/ee106a-act/ros_workspaces/lab3/install/straight_line_interface/share/straight_line_interface/cmake/export_straight_line_interface__rosidl_generator_pyExport-noconfig.cmake\n'}
[15.150765] (straight_line_interface) StdoutLine: {'line': b'-- Installing: /home/cc/ee106a/fa26/class/ee106a-act/ros_workspaces/lab3/install/straight_line_interface/share/straight_line_interface/cmake/rosidl_cmake-extras.cmake\n'}
[15.157235] (straight_line_interface) StdoutLine: {'line': b'-- Installing: /home/cc/ee106a/fa26/class/ee106a-act/ros_workspaces/lab3/install/straight_line_interface/share/straight_line_interface/cmake/ament_cmake_export_dependencies-extras.cmake\n'}
[15.163932] (straight_line_interface) StdoutLine: {'line': b'-- Installing: /home/cc/ee106a/fa26/class/ee106a-act/ros_workspaces/lab3/install/straight_line_interface/share/straight_line_interface/cmake/ament_cmake_export_include_directories-extras.cmake\n'}
[15.172096] (straight_line_interface) StdoutLine: {'line': b'-- Installing: /home/cc/ee106a/fa26/class/ee106a-act/ros_workspaces/lab3/install/straight_line_interface/share/straight_line_interface/cmake/ament_cmake_export_libraries-extras.cmake\n'}
[15.179527] (straight_line_interface) StdoutLine: {'line': b'-- Installing: /home/cc/ee106a/fa26/class/ee106a-act/ros_workspaces/lab3/install/straight_line_interface/share/straight_line_interface/cmake/ament_cmake_export_targets-extras.cmake\n'}
[15.186332] (straight_line_interface) StdoutLine: {'line': b'-- Installing: /home/cc/ee106a/fa26/class/ee106a-act/ros_workspaces/lab3/install/straight_line_interface/share/straight_line_interface/cmake/rosidl_cmake_export_typesupport_targets-extras.cmake\n'}
[15.193429] (straight_line_interface) StdoutLine: {'line': b'-- Installing: /home/cc/ee106a/fa26/class/ee106a-act/ros_workspaces/lab3/install/straight_line_interface/share/straight_line_interface/cmake/rosidl_cmake_export_typesupport_libraries-extras.cmake\n'}
[15.200367] (straight_line_interface) StdoutLine: {'line': b'-- Installing: /home/cc/ee106a/fa26/class/ee106a-act/ros_workspaces/lab3/install/straight_line_interface/share/straight_line_interface/cmake/rosidl_cmake_aggregate_target-extras.cmake\n'}
[15.207182] (straight_line_interface) StdoutLine: {'line': b'-- Installing: /home/cc/ee106a/fa26/class/ee106a-act/ros_workspaces/lab3/install/straight_line_interface/share/straight_line_interface/cmake/straight_line_interfaceConfig.cmake\n'}
[15.213529] (straight_line_interface) StdoutLine: {'line': b'-- Installing: /home/cc/ee106a/fa26/class/ee106a-act/ros_workspaces/lab3/install/straight_line_interface/share/straight_line_interface/cmake/straight_line_interfaceConfig-version.cmake\n'}
[15.220181] (straight_line_interface) StdoutLine: {'line': b'-- Installing: /home/cc/ee106a/fa26/class/ee106a-act/ros_workspaces/lab3/install/straight_line_interface/share/straight_line_interface/package.xml\n'}
[15.236874] (straight_line_interface) CommandEnded: {'returncode': 0}
[15.239789] (-) TimerEvent: {}
[15.340052] (-) TimerEvent: {}
[15.367145] (straight_line_interface) JobEnded: {'identifier': 'straight_line_interface', 'rc': 0}
[15.378808] (straight_line) JobStarted: {'identifier': 'straight_line'}
[15.440168] (-) TimerEvent: {}
[15.540443] (-) TimerEvent: {}
[15.640682] (-) TimerEvent: {}
[15.740876] (-) TimerEvent: {}
[15.841205] (-) TimerEvent: {}
[15.941468] (-) TimerEvent: {}
[16.041677] (-) TimerEvent: {}
[16.141870] (-) TimerEvent: {}
[16.145781] (straight_line) Command: {'cmd': ['/usr/bin/python3', '-W', 'ignore:setup.py install is deprecated', '-W', 'ignore:easy_install command is deprecated', 'setup.py', 'egg_info', '--egg-base', '../../build/straight_line', 'build', '--build-base', '/home/cc/ee106a/fa26/class/ee106a-act/ros_workspaces/lab3/build/straight_line/build', 'install', '--record', '/home/cc/ee106a/fa26/class/ee106a-act/ros_workspaces/lab3/build/straight_line/install.log', '--install-scripts', '$base/lib/straight_line', '--single-version-externally-managed', 'install_data'], 'cwd': '/home/cc/ee106a/fa26/class/ee106a-act/ros_workspaces/lab3/src/straight_line', 'env': {'ARCH': 'x86_64', 'QT_SCALE_FACTOR': '1', 'USER': 'ee106a-act', 'XAUTHLOCALHOSTNAME': 'source install/bas', 'HOSTNAME': 'ros2', 'XDG_SESSION_TYPE': 'x11', 'MASTERDIR': '/home/ff/ee106a', 'COMPIZ_CONFIG_PROFILE': 'mate', 'XDG_CACHE_HOME': '/home/cc/ee106a/fa26/class/ee106a-act/.cache', 'SHLVL': '2', 'LD_LIBRARY_PATH': '/home/cc/ee106a/fa26/class/ee106a-act/ros_workspaces/lab3/install/straight_line_interface/lib:/usr/lib/x86_64-linux-gnu/gazebo-11/plugins:/opt/ros/humble/opt/rviz_ogre_vendor/lib:/opt/ros/humble/lib/x86_64-linux-gnu:/opt/ros/humble/lib', 'HOME': '/home/cc/ee106a/fa26/class/ee106a-act', 'OLDPWD': '/home/cc/ee106a/fa26/class/ee106a-act', 'DESKTOP_SESSION': 'mate', 'ROS_PYTHON_VERSION': '3', 'GTK_MODULES': 'gail:atk-bridge:appmenu-gtk-module:gail:atk-bridge:canberra-gtk-module', 'EE106_UR_ROBOT_IP': '192.168.1.103', 'DISTROBOX_ENTER_PATH': '/usr/local/bin/distrobox-enter', 'SYSTEMD_EXEC_PID': '880739', 'NNTPSERVER': 'news.csua.berkeley.edu', 'VISUAL': 'emacs', 'XDG_STATE_HOME': '/home/cc/ee106a/fa26/class/ee106a-act/.local/state', 'DBUS_SESSION_BUS_ADDRESS': 'unix:path=/run/user/90936/bus', 'COLORTERM': 'truecolor', 'container': 'podman', 'UBUNTU_MENUPROXY': '1', 'QT_QPA_PLATFORMTHEME': 'gtk2', 'COLCON_PREFIX_PATH': '/home/ff/ee106a/robot_workspaces/ur/install', 'ROS_DISTRO': 'humble', 'GTK_IM_MODULE': 'ibus', 'LOGNAME': 'ee106a-act', 'MASTER': 'ee106a', 'WINDOWID': '58720262', 'ROS_VERSION': '2', 'XDG_SESSION_CLASS': 'user', 'TERMINFO_DIRS': '/usr/share/terminfo:/run/host/usr/share/terminfo', 'USERNAME': 'ee106a-act', 'TERM': 'xterm-256color', 'GTK_OVERLAY_SCROLLING': '0', 'XDG_SESSION_ID': '1136', 'ROS_LOCALHOST_ONLY': '0', 'WINDOWPATH': '2', 'PATH': '/opt/ros/humble/bin:/share/b/grading/bin:/home/ff/ee106a/bin:/home/ff/ee106a/bin/arch/x86_64:/share/b/grading/bin:/home/ff/ee106a/bin:/home/ff/ee106a/bin/arch/x86_64:/usr/local/sbin:/usr/local/bin:/usr/sbin:/usr/bin:/sbin:/bin:/usr/games:/usr/local/games:/snap/bin:/snap/bin:/share/b/grading/bin:/share/b/grading/sbin::/share/b/bin:/home/ff/ee106a/venvs/all:/usr/local/sbin:/usr/local/bin:/usr/sbin:/usr/bin:/sbin:/bin:/share/b/grading/bin:/share/b/grading/sbin::/share/b/bin:/home/ff/ee106a/venvs/all', 'SESSION_MANAGER': 'local/c105-9:@/tmp/.ICE-unix/880833,unix/c105-9:/tmp/.ICE-unix/880833', 'OS': 'Linux', 'XDG_RUNTIME_DIR': '/run/user/90936', 'DISPLAY': ':1', 'LANG': 'en_US.UTF-8', 'XDG_CURRENT_DESKTOP': 'MATE', 'XDG_DATA_HOME': '/home/cc/ee106a/fa26/class/ee106a-act/.local/share', 'XDG_CONFIG_HOME': '/home/cc/ee106a/fa26/class/ee106a-act/.config', 'XMODIFIERS': '@im=ibus', 'XDG_SESSION_DESKTOP': 'mate', 'XAUTHORITY': '/run/user/90936/gdm/Xauthority', 'SSH_AUTH_SOCK': '/run/user/90936/keyring/ssh', 'ROS_DOMAIN_ID': '29', 'AMENT_PREFIX_PATH': '/home/cc/ee106a/fa26/class/ee106a-act/ros_workspaces/lab3/install/straight_line_interface:/home/ff/ee106a/robot_workspaces/ur/install/ur7e_utils:/opt/ros/humble', 'SHELL': '/usr/bin/bash', 'QT_ACCESSIBILITY': '1', 'EE106_UR_ROBOT_NAME': 'wall-e', 'GDMSESSION': 'mate', 'GPG_AGENT_INFO': '/run/user/90936/gnupg/S.gpg-agent:0:1', 'CONFIG_SHELL': '/usr/bin/ksh', 'QT_IM_MODULE': 'ibus', 'PWD': '/home/cc/ee106a/fa26/class/ee106a-act/ros_workspaces/lab3/build/straight_line', 'EE106_ENV_SETUP': 'ur_ros2', 'CONTAINER_ID': 'ros2', 'LC_ALL': 'C.UTF-8', 'XDG_CONFIG_DIRS': '/etc/xdg/xdg-mate:/etc/xdg', 'CLUTTER_IM_MODULE': 'ibus', 'XDG_DATA_DIRS': '/usr/share/mate:/usr/share/mate:/usr/share/gnome:/home/cc/ee106a/fa26/class/ee106a-act/.local/share/flatpak/exports/share:/var/lib/flatpak/exports/share:/usr/local/share/:/usr/share/:/var/lib/snapd/desktop:/usr/local/share:/usr/share', 'PYTHONPATH': '/home/cc/ee106a/fa26/class/ee106a-act/ros_workspaces/lab3/build/straight_line/prefix_override:/usr/lib/python3/dist-packages/colcon_core/task/python/colcon_distutils_commands:/home/cc/ee106a/fa26/class/ee106a-act/ros_workspaces/lab3/install/straight_line/lib/python3.10/site-packages:/home/cc/ee106a/fa26/class/ee106a-act/ros_workspaces/lab3/install/straight_line_interface/local/lib/python3.10/dist-packages:/home/ff/ee106a/robot_workspaces/ur/install/ur7e_utils/lib/python3.10/site-packages:/opt/ros/humble/lib/python3.10/site-packages:/opt/ros/humble/local/lib/python3.10/dist-packages', 'MATE_DESKTOP_SESSION_ID': 'this-is-deprecated', 'COLCON': '1', 'MANPATH': '/usr/local/man:/usr/man:/usr/X11/man:/usr/local/man:/usr/man:/usr/X11/man::/share/b/grading/man:/share/b/grading/man', 'VTE_VERSION': '6800', 'EDITOR': 'emacs', 'QT_FONT_DPI': '122', 'CMAKE_PREFIX_PATH': '/home/cc/ee106a/fa26/class/ee106a-act/ros_workspaces/lab3/install/straight_line_interface'}, 'shell': False}
[16.241941] (-) TimerEvent: {}
[16.342111] (-) TimerEvent: {}
[16.357567] (straight_line) StdoutLine: {'line': b'running egg_info\n'}
[16.358340] (straight_line) StdoutLine: {'line': b'creating ../../build/straight_line/straight_line.egg-info\n'}
[16.360668] (straight_line) StdoutLine: {'line': b'writing ../../build/straight_line/straight_line.egg-info/PKG-INFO\n'}
[16.366296] (straight_line) StdoutLine: {'line': b'writing dependency_links to ../../build/straight_line/straight_line.egg-info/dependency_links.txt\n'}
[16.369081] (straight_line) StdoutLine: {'line': b'writing entry points to ../../build/straight_line/straight_line.egg-info/entry_points.txt\n'}
[16.371383] (straight_line) StdoutLine: {'line': b'writing requirements to ../../build/straight_line/straight_line.egg-info/requires.txt\n'}
[16.373649] (straight_line) StdoutLine: {'line': b'writing top-level names to ../../build/straight_line/straight_line.egg-info/top_level.txt\n'}
[16.376633] (straight_line) StdoutLine: {'line': b"writing manifest file '../../build/straight_line/straight_line.egg-info/SOURCES.txt'\n"}
[16.383729] (straight_line) StdoutLine: {'line': b"reading manifest file '../../build/straight_line/straight_line.egg-info/SOURCES.txt'\n"}
[16.384810] (straight_line) StdoutLine: {'line': b"adding license file 'LICENSE'\n"}
[16.385592] (straight_line) StdoutLine: {'line': b"writing manifest file '../../build/straight_line/straight_line.egg-info/SOURCES.txt'\n"}
[16.386616] (straight_line) StdoutLine: {'line': b'running build\n'}
[16.386717] (straight_line) StdoutLine: {'line': b'running build_py\n'}
[16.387604] (straight_line) StdoutLine: {'line': b'creating /home/cc/ee106a/fa26/class/ee106a-act/ros_workspaces/lab3/build/straight_line/build\n'}
[16.388598] (straight_line) StdoutLine: {'line': b'creating /home/cc/ee106a/fa26/class/ee106a-act/ros_workspaces/lab3/build/straight_line/build/lib\n'}
[16.389855] (straight_line) StdoutLine: {'line': b'creating /home/cc/ee106a/fa26/class/ee106a-act/ros_workspaces/lab3/build/straight_line/build/lib/straight_line\n'}
[16.391665] (straight_line) StdoutLine: {'line': b'copying straight_line/straight_line_server.py -> /home/cc/ee106a/fa26/class/ee106a-act/ros_workspaces/lab3/build/straight_line/build/lib/straight_line\n'}
[16.397527] (straight_line) StdoutLine: {'line': b'copying straight_line/__init__.py -> /home/cc/ee106a/fa26/class/ee106a-act/ros_workspaces/lab3/build/straight_line/build/lib/straight_line\n'}
[16.400870] (straight_line) StdoutLine: {'line': b'running install\n'}
[16.401421] (straight_line) StdoutLine: {'line': b'running install_lib\n'}
[16.405111] (straight_line) StdoutLine: {'line': b'creating /home/cc/ee106a/fa26/class/ee106a-act/ros_workspaces/lab3/install/straight_line/lib/python3.10/site-packages/straight_line\n'}
[16.406704] (straight_line) StdoutLine: {'line': b'copying /home/cc/ee106a/fa26/class/ee106a-act/ros_workspaces/lab3/build/straight_line/build/lib/straight_line/straight_line_server.py -> /home/cc/ee106a/fa26/class/ee106a-act/ros_workspaces/lab3/install/straight_line/lib/python3.10/site-packages/straight_line\n'}
[16.411861] (straight_line) StdoutLine: {'line': b'copying /home/cc/ee106a/fa26/class/ee106a-act/ros_workspaces/lab3/build/straight_line/build/lib/straight_line/__init__.py -> /home/cc/ee106a/fa26/class/ee106a-act/ros_workspaces/lab3/install/straight_line/lib/python3.10/site-packages/straight_line\n'}
[16.417609] (straight_line) StdoutLine: {'line': b'byte-compiling /home/cc/ee106a/fa26/class/ee106a-act/ros_workspaces/lab3/install/straight_line/lib/python3.10/site-packages/straight_line/straight_line_server.py to straight_line_server.cpython-310.pyc\n'}
[16.418905] (straight_line) StdoutLine: {'line': b'byte-compiling /home/cc/ee106a/fa26/class/ee106a-act/ros_workspaces/lab3/install/straight_line/lib/python3.10/site-packages/straight_line/__init__.py to __init__.cpython-310.pyc\n'}
[16.419147] (straight_line) StderrLine: {'line': b'  File "/home/cc/ee106a/fa26/class/ee106a-act/ros_workspaces/lab3/install/straight_line/lib/python3.10/site-packages/straight_line/straight_line_server.py", line 48\n'}
[16.419261] (straight_line) StderrLine: {'line': b"    'move_straight',\n"}
[16.419342] (straight_line) StderrLine: {'line': b'    ^^^^^^^^^^^^^^^\n'}
[16.419427] (straight_line) StderrLine: {'line': b'SyntaxError: invalid syntax\n'}
[16.419502] (straight_line) StderrLine: {'line': b'\n'}
[16.425715] (straight_line) StdoutLine: {'line': b'running install_data\n'}
[16.426395] (straight_line) StdoutLine: {'line': b'creating /home/cc/ee106a/fa26/class/ee106a-act/ros_workspaces/lab3/install/straight_line/share/ament_index\n'}
[16.427449] (straight_line) StdoutLine: {'line': b'creating /home/cc/ee106a/fa26/class/ee106a-act/ros_workspaces/lab3/install/straight_line/share/ament_index/resource_index\n'}
[16.428863] (straight_line) StdoutLine: {'line': b'creating /home/cc/ee106a/fa26/class/ee106a-act/ros_workspaces/lab3/install/straight_line/share/ament_index/resource_index/packages\n'}
[16.430800] (straight_line) StdoutLine: {'line': b'copying resource/straight_line -> /home/cc/ee106a/fa26/class/ee106a-act/ros_workspaces/lab3/install/straight_line/share/ament_index/resource_index/packages\n'}
[16.434928] (straight_line) StdoutLine: {'line': b'copying package.xml -> /home/cc/ee106a/fa26/class/ee106a-act/ros_workspaces/lab3/install/straight_line/share/straight_line\n'}
[16.439340] (straight_line) StdoutLine: {'line': b'running install_egg_info\n'}
[16.442181] (-) TimerEvent: {}
[16.445512] (straight_line) StdoutLine: {'line': b'Copying ../../build/straight_line/straight_line.egg-info to /home/cc/ee106a/fa26/class/ee106a-act/ros_workspaces/lab3/install/straight_line/lib/python3.10/site-packages/straight_line-0.0.0-py3.10.egg-info\n'}
[16.482395] (straight_line) StdoutLine: {'line': b'running install_scripts\n'}
[16.514515] (straight_line) StdoutLine: {'line': b'Installing straight_line_server script to /home/cc/ee106a/fa26/class/ee106a-act/ros_workspaces/lab3/install/straight_line/lib/straight_line\n'}
[16.519723] (straight_line) StdoutLine: {'line': b"writing list of installed files to '/home/cc/ee106a/fa26/class/ee106a-act/ros_workspaces/lab3/build/straight_line/install.log'\n"}
[16.535697] (straight_line) CommandEnded: {'returncode': 0}
[16.542244] (-) TimerEvent: {}
[16.588151] (straight_line) JobEnded: {'identifier': 'straight_line', 'rc': 0}
[16.597653] (-) EventReactorShutdown: {}
